id_pegawai,jk,tgl_lahir,rumpun_ilmu,stat_aktif,stat_pegawai,ikatan_kerja,pendidikan,pangkat,jabatan_akademik,sertifikasi,tahun_sertifikasi,tgl_jabatan_akademik,jenj_prodi,prodi,fakultas
1,L,1972-02-10,,Aktif,ASN JF Non Dosen,Dosen Tidak Tetap,Sp-1,,,,,,Profesi,Pendidikan Profesi Dokter,FK
2,L,1985-03-27,RUMPUN ILMU TERAPAN,Aktif,NON ASN,Dosen Tetap Perjanjian Kerja Waktu Tertentu,S3,III/c - Penata,Lektor Kepala,Sertifikasi Dosen,2020,2023-06-01,S1,Teknik Mesin,FT
3,P,1990-01-09,RUMPUN ILMU FORMAL,Aktif,PNS,Dosen Tetap,S2,III/b - Penata Muda Tk. I,Asisten Ahli,,,2024-05-01,S1,Sistem Informasi,FIK
4,P,1987-01-12,RUMPUN ILMU FORMAL,Aktif,PNS,Dosen Tetap,S2,III/c - Penata,Lektor,Sertifikasi Dosen,2018,2023-07-03,S1,Informatika,FIK
5,P,1967-11-28,,Aktif,ASN JF Non Dosen,Dosen Tidak Tetap,Sp-1,,,,,,Profesi,Pendidikan Profesi Dokter,FK
6,L,1966-02-17,,Aktif,TNI,Dosen Tidak Tetap,S2,,,,,,Profesi,Pendidikan Profesi Dokter,FK
7,P,1971-08-31,,TUGAS BELAJAR,NON ASN,Dosen Tidak Tetap,S2,III/b - Penata Muda Tk. I,Asisten Ahli,Sertifikasi Dosen,2017,2016-01-01,D3,Keperawatan,FIKES
8,L,1990-01-03,RUMPUN ILMU TERAPAN,Aktif,PNS,Dosen Tetap,S3,III/c - Penata,Lektor,Sertifikasi Dosen,2020,2022-06-01,S1,Gizi,FIKES
9,L,1961-09-30,RUMPUN ILMU FORMAL,Aktif,PNS,Dosen Tetap,S2,IV/a - Pembina,Lektor,Sertifikasi Dosen,2015,2023-07-03,S1,Informatika,FIK
10,P,1994-03-11,RUMPUN ILMU TERAPAN,Aktif,NON ASN,Dosen Tidak Tetap,S2,,,,,,S1,Teknik Industri,FT
11,L,1971-04-28,RUMPUN ILMU TERAPAN,Aktif,ASN JF Non Dosen,Dosen Tidak Tetap,S3,IV/d - Pembina Utama Madya,Lektor Kepala,Sertifikasi Dosen,2024,2023-12-01,S2,Hukum,FH
12,L,1968-04-22,,Aktif,TNI,Dosen Tidak Tetap,Sp-1,,,,,,Profesi,Pendidikan Profesi Dokter,FK
13,L,1994-01-18,,Aktif,CPNS,Dosen Tetap,S2,III/b - Penata Muda Tk. I,,,,,S1,Hukum,FH
14,P,1985-09-09,RUMPUN ILMU TERAPAN,Aktif,NON ASN,Dosen Tetap Perjanjian Kerja Waktu Tertentu,S3,III/c - Penata,Lektor,Sertifikasi Dosen,2017,2019-04-01,S1,Ilmu Komunikasi,FISIP
15,L,1961-08-21,RUMPUN ILMU SOSIAL,Aktif,NON ASN,Dosen Tetap Perjanjian Kerja Waktu Tertentu,S3,III/c - Penata,Lektor,Sertifikasi Dosen,2016,2000-06-01,S1,Ilmu Komunikasi,FISIP
16,P,1975-07-01,,Aktif,NON ASN,Dosen Tetap Perjanjian Kerja Waktu Tertentu,Sp-1,,,,,,Sp-1,Radiologi,FK
17,P,1993-10-20,RUMPUN ILMU TERAPAN,Aktif,PNS,Dosen Tetap,S2,III/b - Penata Muda Tk. I,Asisten Ahli,,,2023-05-03,D3,Fisioterapi,FIKES
18,L,1964-11-24,RUMPUN ILMU SOSIAL,Aktif,PNS,Dosen Tetap,S2,IV/a - Pembina,Lektor,Sertifikasi Dosen,2012,2006-06-01,S1,Ekonomi Pembangunan,FEB
19,L,1988-10-20,RUMPUN ILMU TERAPAN,Aktif,PNS,Dosen Tetap,S2,III/c - Penata,Lektor,Sertifikasi Dosen,2020,2022-03-01,S1,Teknik Mesin,FT
20,P,1962-12-01,RUMPUN ILMU TERAPAN,Aktif,PNS,Dosen Tetap,S2,IV/a - Pembina,Lektor Kepala,Sertifikasi Dosen,2015,2002-09-01,S1,Hukum,FH
21,P,1985-07-05,RUMPUN ILMU SOSIAL,Aktif,PNS,Dosen Tetap,S3,III/c - Penata,Lektor,Sertifikasi Dosen,2022,2023-07-03,D3,Perbankan dan Keuangan,FEB
22,L,1987-04-29,RUMPUN ILMU SOSIAL,Aktif,PNS,Dosen Tetap,S2,III/c - Penata,Lektor,Sertifikasi Dosen,2022,2022-09-01,S1,Ilmu Politik,FISIP
23,P,1961-10-13,RUMPUN ILMU TERAPAN,Aktif,PNS,Dosen Tetap,S3,IV/a - Pembina,Lektor,Sertifikasi Dosen,2012,2017-11-01,S2,Manajemen,FISIP
24,L,1960-08-04,RUMPUN ILMU TERAPAN,Aktif,PNS,Dosen Tetap,S3,IV/b - Pembina Tk. I,Profesor,Sertifikasi Dosen,2012,2023-08-01,S2,Manajemen,FISIP
25,P,1978-10-26,RUMPUN ILMU TERAPAN,Aktif,PNS,Dosen Tetap,S3,III/d - Penata Tk. I,Lektor,Sertifikasi Dosen,2020,2022-07-01,S1,Keperawatan,FIKES
26,L,1989-07-13,RUMPUN ILMU SOSIAL,Aktif,NON ASN,Dosen Tetap Perjanjian Kerja Waktu Tertentu,S2,,Lektor,,,2024-09-01,S1,Hubungan Internasional,FH
27,P,1991-02-09,RUMPUN ILMU TERAPAN,Aktif,NON ASN,Dosen Tetap Perjanjian Kerja Waktu Tertentu,S3,,Lektor,,,2022-07-01,S1,Hukum,FH
28,P,1975-01-30,RUMPUN ILMU TERAPAN,Aktif,NON ASN,Dosen Tetap Perjanjian Kerja Waktu Tertentu,Sp-1,,,,,,S1,Kedokteran,FK
29,P,1989-09-02,RUMPUN ILMU SOSIAL,Aktif,PNS,Dosen Tetap,S2,III/c - Penata,Lektor,Sertifikasi Dosen,2024,2023-04-01,S1,Hubungan Internasional,FH
30,L,1984-09-15,RUMPUN ILMU TERAPAN,Aktif,NON ASN,Dosen Tidak Tetap,S3,,,,,,S1,Hukum,FH
31,L,1965-10-25,RUMPUN ILMU TERAPAN,Aktif,NON ASN,Dosen Tetap Perjanjian Kerja Waktu Tertentu,S3,III/c - Penata,Lektor,Sertifikasi Dosen,2017,2016-01-01,S2,Manajemen,FISIP
32,L,1986-07-18,RUMPUN ILMU TERAPAN,Aktif,PNS,Dosen Tetap,S3,III/c - Penata,Lektor,,,2021-11-01,S1,Teknik Mesin,FT
33,L,1978-08-02,RUMPUN ILMU TERAPAN,Aktif,NON ASN,Dosen Tetap Perjanjian Kerja Waktu Tertentu,S2,III/c - Penata,Lektor,Sertifikasi Dosen,2019,2024-09-01,S1,"Kajian Film, Televisi, dan Media",FISIP
34,P,1971-10-18,RUMPUN ILMU FORMAL,Aktif,NON ASN,Dosen Tetap Perjanjian Kerja Waktu Tertentu,S3,III/b - Penata Muda Tk. I,Lektor,Sertifikasi Dosen,2012,2020-06-01,S1,Informatika,FIK
35,P,1964-05-24,,Aktif,PNS,Dosen Tetap,S3,IV/c - Pembina Utama Muda,,,,,S1,Sains Informasi,FISIP
36,L,1972-09-29,RUMPUN ILMU TERAPAN,Aktif,NON ASN,Dosen Tetap Perjanjian Kerja Waktu Tertentu,S3,III/c - Penata,Lektor,Sertifikasi Dosen,2023,2022-10-01,S1,Teknik Mesin,FT
37,P,1991-03-24,,Aktif,PNS,Dosen Tetap,S2,III/c - Penata,Lektor,,,2023-05-03,S1,Keperawatan,FIKES
38,P,1964-11-04,RUMPUN ILMU TERAPAN,Aktif,PNS,Dosen Tetap,S2,IV/a - Pembina,Lektor,Sertifikasi Dosen,2011,2001-01-01,S1,Manajemen,FISIP
39,P,1989-09-30,RUMPUN ILMU FORMAL,TUGAS BELAJAR,PNS,Dosen Tetap,S2,III/c - Penata,Lektor,Sertifikasi Dosen,2020,2022-01-01,S1,Informatika,FIK
40,L,1981-12-28,,Aktif,NON ASN,Dosen Tidak Tetap,Sp-1,,,,,,Profesi,Pendidikan Profesi Dokter,FK
41,P,1986-05-10,RUMPUN ILMU SOSIAL,Aktif,NON ASN,Dosen Tetap Perjanjian Kerja Waktu Tertentu,S2,III/d - Penata Tk. I,Lektor,Sertifikasi Dosen,2017,2022-09-01,S1,Ilmu Politik,FISIP
42,P,1984-09-01,RUMPUN ILMU TERAPAN,TUGAS BELAJAR,PNS,Dosen Tetap,S2,III/b - Penata Muda Tk. I,Asisten Ahli,Sertifikasi Dosen,2023,2020-02-01,S1,Manajemen,FISIP
43,P,1990-06-19,RUMPUN ILMU FORMAL,Aktif,PNS,Dosen Tetap,S2,III/b - Penata Muda Tk. I,Asisten Ahli,,,2024-05-01,S1,Informatika,FIK
44,P,1986-12-05,RUMPUN ILMU TERAPAN,Aktif,PPPK,Dosen Tetap Perjanjian Kerja Waktu Tertentu,S2,III/b - Penata Muda Tk. I,Lektor,Sertifikasi Dosen,2022,2022-06-01,S1,Gizi,FIKES
45,L,1993-02-09,,Aktif,CPNS,Dosen Tetap,S2,III/b - Penata Muda Tk. I,,,,,S1,Informatika,FIK
46,L,1981-04-28,,Aktif,NON ASN,Dosen Tidak Tetap,Sp-1,,,,,,Profesi,Pendidikan Profesi Dokter,FK
47,P,1962-06-07,RUMPUN ILMU TERAPAN,Aktif,PNS,Dosen Tetap,S2,IV/c - Pembina Utama Muda,Lektor Kepala,Sertifikasi Dosen,2008,2019-07-01,S1,Manajemen,FISIP
48,L,1976-03-20,,Aktif,TNI,Dosen Tidak Tetap,Sp-1,,,,,,Profesi,Pendidikan Profesi Dokter,FK
49,L,1966-06-06,RUMPUN ILMU TERAPAN,Aktif,TNI,Dosen Tidak Tetap,Sp-1,,,,,,Profesi,Pendidikan Profesi Dokter,FK
50,L,1987-02-15,RUMPUN ILMU SOSIAL,Aktif,PNS,Dosen Tetap,S3,III/d - Penata Tk. I,Lektor,Sertifikasi Dosen,2020,2022-01-01,S1,Ekonomi Syariah,FEB
51,P,1977-08-28,,Aktif,ASN JF Non Dosen,Dosen Tidak Tetap,Sp-1,,,,,,Profesi,Pendidikan Profesi Dokter,FK
52,P,1984-03-14,,Aktif,ASN JF Non Dosen,Dosen Tidak Tetap,Sp-1,,,,,,Profesi,Pendidikan Profesi Dokter,FK
53,P,1989-12-17,RUMPUN ILMU ALAM,Aktif,CPNS,Dosen Tetap,S2,III/b - Penata Muda Tk. I,Lektor,Sertifikasi Dosen,2024,2024-01-01,S1,Biologi,FIKES
54,P,1989-06-06,RUMPUN ILMU TERAPAN,Aktif,PNS,Dosen Tetap,S2,III/c - Penata,Lektor,Sertifikasi Dosen,2024,2023-06-05,S1,Farmasi,FIKES
55,P,1987-07-25,RUMPUN ILMU TERAPAN,Aktif,PNS,Dosen Tetap,S2,III/d - Penata Tk. I,Lektor,Sertifikasi Dosen,2018,2023-05-03,S1,Teknik Industri,FT
56,L,1981-06-25,RUMPUN ILMU FORMAL,Aktif,NON ASN,Dosen Tetap Perjanjian Kerja Waktu Tertentu,S2,III/b - Penata Muda Tk. I,Lektor,,,2023-05-03,S1,Sistem Informasi,FIK
57,P,1961-02-16,RUMPUN ILMU TERAPAN,Aktif,PNS,Dosen Tetap,S2,IV/a - Pembina,Lektor,Sertifikasi Dosen,2011,2001-01-01,S1,Manajemen,FISIP
58,L,1964-11-12,RUMPUN ILMU TERAPAN,Aktif,TNI,Dosen Tidak Tetap,Sp-1,,,,,,Profesi,Pendidikan Profesi Dokter,FK
59,P,1988-02-07,RUMPUN ILMU TERAPAN,Aktif,PNS,Dosen Tetap,S2,III/c - Penata,Lektor,Sertifikasi Dosen,2023,2023-05-03,S1,Keperawatan,FIKES
60,L,1964-03-25,RUMPUN ILMU TERAPAN,Aktif,PNS,Dosen Tetap,S2,IV/c - Pembina Utama Muda,Lektor Kepala,Sertifikasi Dosen,2008,2017-02-01,S1,Akuntansi,FEB
61,P,1987-08-23,RUMPUN ILMU FORMAL,Aktif,PPPK,Dosen Tetap Perjanjian Kerja Waktu Tertentu,S2,III/b - Penata Muda Tk. I,Lektor,Sertifikasi Dosen,2017,2023-06-05,S1,Sistem Informasi,FIK
62,L,1988-07-05,,Aktif,PNS,Dosen Tetap,Profesi,,,,,,S1,Kedokteran,FK
63,L,1967-02-20,RUMPUN ILMU TERAPAN,Aktif,TNI,Dosen Tidak Tetap,S2,,,,,,Profesi,Pendidikan Profesi Dokter,FK
64,P,1978-02-04,RUMPUN ILMU TERAPAN,Aktif,NON ASN,Dosen Tetap Perjanjian Kerja Waktu Tertentu,Sp-1,III/d - Penata Tk. I,,,,,Sp-1,Radiologi,FK
65,L,1987-09-22,RUMPUN ILMU TERAPAN,Aktif,PNS,Dosen Tetap,S3,III/d - Penata Tk. I,Lektor,Sertifikasi Dosen,2019,2022-01-01,S1,Hukum,FH
66,L,1980-07-17,RUMPUN ILMU SOSIAL,Aktif,PPPK,Dosen Tetap Perjanjian Kerja Waktu Tertentu,S3,III/d - Penata Tk. I,Lektor Kepala,Sertifikasi Dosen,2017,2023-11-01,S2,Hubungan Internasional,FH
67,P,1992-06-30,RUMPUN ILMU TERAPAN,Aktif,PNS,Dosen Tetap,S2,III/c - Penata,Lektor,Sertifikasi Dosen,2023,2023-05-03,S1,Kesehatan Masyarakat,FIKES
68,L,1991-12-11,RUMPUN ILMU HUMANIORA,Aktif,NON ASN,Dosen Tidak Tetap,S2,,Asisten Ahli,,,2024-05-01,S1,Ilmu Komunikasi,FISIP
69,P,1983-04-09,RUMPUN ILMU TERAPAN,Aktif,NON ASN,Dosen Tidak Tetap,S2,,,,,,S1,Farmasi,FIKES
70,P,1964-12-27,RUMPUN ILMU SOSIAL,Aktif,PNS,Dosen Tetap,S3,III/d - Penata Tk. I,Lektor Kepala,Sertifikasi Dosen,2011,2024-09-01,S1,Ekonomi Pembangunan,FEB
71,L,1988-10-11,RUMPUN ILMU SOSIAL,Aktif,PNS,Dosen Tetap,S2,III/c - Penata,Lektor,Sertifikasi Dosen,2024,2023-06-05,S1,Ekonomi Syariah,FEB
72,P,1994-12-02,RUMPUN ILMU TERAPAN,Aktif,PNS,Dosen Tetap,S2,III/b - Penata Muda Tk. I,Asisten Ahli,,,2023-07-03,S1,Ilmu Komunikasi,FISIP
73,P,1986-09-07,RUMPUN ILMU TERAPAN,Aktif,PNS,Dosen Tetap,S2,III/c - Penata,Lektor,Sertifikasi Dosen,2022,2022-03-01,S1,Farmasi,FIKES
74,P,1972-06-25,RUMPUN ILMU TERAPAN,Aktif,PNS,Dosen Tetap,S2,III/d - Penata Tk. I,Lektor,Sertifikasi Dosen,2018,2020-11-01,S1,Hukum,FH
75,L,1977-11-24,RUMPUN ILMU SOSIAL,Aktif,NON ASN,Dosen Tetap Perjanjian Kerja Waktu Tertentu,S3,III/c - Penata,Lektor,,,2020-06-01,S1,Ekonomi Pembangunan,FEB
76,P,1965-12-27,RUMPUN ILMU TERAPAN,Aktif,PPPK,Dosen Tetap Perjanjian Kerja Waktu Tertentu,S2,III/c - Penata,Lektor,Sertifikasi Dosen,2013,2001-01-01,S1,Ilmu Komunikasi,FISIP
77,L,1977-01-20,RUMPUN ILMU SOSIAL,Aktif,NON ASN,Dosen Tetap Perjanjian Kerja Waktu Tertentu,S3,III/c - Penata,Lektor,Sertifikasi Dosen,2012,2016-01-01,S2,Hubungan Internasional,FH
78,P,1976-03-08,RUMPUN ILMU TERAPAN,Aktif,PPPK,Dosen Tetap Perjanjian Kerja Waktu Tertentu,S3,III/c - Penata,Lektor Kepala,Sertifikasi Dosen,2011,2020-03-01,S2,Akuntansi,FEB
79,L,1960-12-27,RUMPUN ILMU SOSIAL,Aktif,NON ASN,Dosen Tidak Tetap,S3,III/c - Penata,Lektor,,,2023-02-01,S1,Ekonomi Pembangunan,FEB
80,P,1977-11-05,RUMPUN ILMU FORMAL,Aktif,PPPK,Dosen Tetap Perjanjian Kerja Waktu Tertentu,S2,III/b - Penata Muda Tk. I,Lektor,Sertifikasi Dosen,2012,2023-05-03,D3,Sistem Informasi,FIK
81,P,1988-11-18,,Aktif,CPNS,Dosen Tetap,Sp-1,III/b - Penata Muda Tk. I,,,,,S1,Kedokteran,FK
82,L,1974-05-09,RUMPUN ILMU SOSIAL,Aktif,NON ASN,Dosen Tetap Perjanjian Kerja Waktu Tertentu,S3,III/b - Penata Muda Tk. I,Lektor,,,2023-02-01,S1,Ekonomi Pembangunan,FEB
83,L,1990-04-15,,Aktif,CPNS,Dosen Tetap,Sp-1,III/b - Penata Muda Tk. I,,,,,S1,Kedokteran,FK
84,P,1975-11-30,RUMPUN ILMU TERAPAN,Aktif,PPPK,Dosen Tetap Perjanjian Kerja Waktu Tertentu,S2,III/a - Penata Muda,Asisten Ahli,Sertifikasi Dosen,2019,1970-01-01,D3,Perbankan dan Keuangan,FEB
85,L,1965-03-01,RUMPUN ILMU TERAPAN,Aktif,NON ASN,Dosen Tidak Tetap,S3,III/c - Penata,Lektor,,,2023-07-03,S2,Manajemen,FISIP
86,L,1963-10-28,RUMPUN ILMU TERAPAN,Aktif,PNS,Dosen Tetap,S2,IV/d - Pembina Utama Madya,,,,,S1,Akuntansi,FEB
87,L,1997-09-25,,Aktif,CPNS,Dosen Tetap,S2,III/b - Penata Muda Tk. I,,,,,S1,Manajemen,FISIP
88,P,1977-03-16,RUMPUN ILMU TERAPAN,Aktif,PPPK,Dosen Tetap Perjanjian Kerja Waktu Tertentu,S3,III/c - Penata,Lektor,Sertifikasi Dosen,2019,2017-11-01,S2,Ilmu Komunikasi,FISIP
89,L,1976-07-26,RUMPUN ILMU SOSIAL,Aktif,NON ASN,Dosen Tetap Perjanjian Kerja Waktu Tertentu,S2,,Asisten Ahli,,,2018-08-01,S1,Ilmu Politik,FISIP
90,P,1998-06-10,,Aktif,CPNS,Dosen Tetap,S2,III/b - Penata Muda Tk. I,,,,,S1,Kesehatan Masyarakat,FIKES
91,P,1985-02-14,,Aktif,NON ASN,Dosen Tidak Tetap,Sp-1,,,,,,Profesi,Pendidikan Profesi Dokter,FK
92,P,1984-03-05,RUMPUN ILMU TERAPAN,TUGAS BELAJAR,PNS,Dosen Tetap,S2,III/b - Penata Muda Tk. I,Asisten Ahli,Sertifikasi Dosen,2024,2019-10-01,S1,Akuntansi,FEB
93,P,1993-08-24,RUMPUN ILMU TERAPAN,Aktif,CPNS,Dosen Tetap,S2,III/b - Penata Muda Tk. I,,,,,S1,Farmasi,FIKES
94,L,1960-05-06,RUMPUN ILMU TERAPAN,Aktif,PNS,Dosen Tetap,S2,IV/a - Pembina,Lektor,Sertifikasi Dosen,2012,2007-10-01,S1,Teknik Mesin,FT
95,P,1993-03-23,RUMPUN ILMU TERAPAN,TUGAS BELAJAR,NON ASN,Dosen Tidak Tetap,S2,III/c - Penata,Lektor,,,2023-05-03,S1,Fisioterapi,FIKES
96,L,1973-05-18,,Aktif,NON ASN,Dosen Tidak Tetap,Sp-1,,,,,,S1,Kedokteran,FK
97,L,1992-12-18,RUMPUN ILMU TERAPAN,Aktif,NON ASN,Dosen Tetap Perjanjian Kerja Waktu Tertentu,S2,III/b - Penata Muda Tk. I,Lektor,Sertifikasi Dosen,2022,2022-04-01,S1,Teknik Industri,FT
98,P,1971-03-22,RUMPUN ILMU TERAPAN,Aktif,PPPK,Dosen Tetap Perjanjian Kerja Waktu Tertentu,S3,III/d - Penata Tk. I,Lektor,Sertifikasi Dosen,2012,2012-08-01,S2,Ilmu Komunikasi,FISIP
99,L,1984-08-05,,Aktif,NON ASN,Dosen Tidak Tetap,Sp-1,,,,,,Profesi,Pendidikan Profesi Dokter,FK
100,P,1977-07-23,,Aktif,ASN JF Non Dosen,Dosen Tidak Tetap,Sp-1,,,,,,Profesi,Pendidikan Profesi Dokter,FK
101,P,1984-06-25,,Aktif,ASN JF Non Dosen,Dosen Tidak Tetap,Sp-1,,,,,,Profesi,Pendidikan Profesi Dokter,FK
102,L,1968-04-16,RUMPUN ILMU TERAPAN,Aktif,TNI,Dosen Tidak Tetap,S3,,Lektor,,,2020-06-01,S2,Hukum,FH
103,P,1989-09-19,RUMPUN ILMU TERAPAN,Aktif,NON ASN,Dosen Tetap Perjanjian Kerja Waktu Tertentu,S2,III/c - Penata,Lektor,,,2023-02-01,S1,Keperawatan,FIKES
104,L,1985-10-04,,Aktif,NON ASN,Dosen Tidak Tetap,Sp-1,,,,,,Profesi,Pendidikan Profesi Dokter,FK
105,P,1988-05-29,RUMPUN ILMU TERAPAN,TUGAS BELAJAR,PNS,Dosen Tetap,S2,III/c - Penata,Lektor,Sertifikasi Dosen,2021,2022-08-01,S1,Ilmu Komunikasi,FISIP
106,P,1981-11-17,RUMPUN ILMU TERAPAN,Aktif,NON ASN,Dosen Tidak Tetap,S3,III/c - Penata,,,,,S2,Kesehatan Masyarakat,FIKES
107,L,1978-12-31,RUMPUN ILMU TERAPAN,Aktif,PPPK,Dosen Tetap Perjanjian Kerja Waktu Tertentu,S2,III/c - Penata,Lektor,Sertifikasi Dosen,2017,2018-04-01,S1,Teknik Industri,FT
108,P,1968-09-28,RUMPUN ILMU TERAPAN,Aktif,PPPK,Dosen Tetap Perjanjian Kerja Waktu Tertentu,S2,III/d - Penata Tk. I,Lektor,Sertifikasi Dosen,2016,2018-08-01,S1,Kedokteran,FK
109,P,1991-11-06,RUMPUN ILMU TERAPAN,Aktif,CPNS,Dosen Tetap,S3,III/c - Penata,Lektor,Sertifikasi Dosen,2021,2021-04-01,S1,Gizi,FIKES
110,L,1977-04-20,,Aktif,NON ASN,Dosen Tidak Tetap,Sp-1,,,,,,Profesi,Pendidikan Profesi Dokter,FK
111,P,1976-02-14,RUMPUN ILMU TERAPAN,Aktif,PPPK,Dosen Tetap Perjanjian Kerja Waktu Tertentu,S3,III/c - Penata,Lektor Kepala,Sertifikasi Dosen,2012,2021-07-01,D3,Keperawatan,FIKES
112,L,1987-02-13,RUMPUN ILMU TERAPAN,Aktif,PNS,Dosen Tetap,Sp-1,III/b - Penata Muda Tk. I,Lektor,,,2024-11-01,S1,Kedokteran,FK
113,L,1992-10-04,RUMPUN ILMU TERAPAN,Aktif,PNS,Dosen Tetap,S2,III/b - Penata Muda Tk. I,Lektor,Sertifikasi Dosen,2024,2024-11-01,S1,Keperawatan,FIKES
114,L,1976-04-23,RUMPUN ILMU TERAPAN,Aktif,PPPK,Dosen Tetap Perjanjian Kerja Waktu Tertentu,S2,III/b - Penata Muda Tk. I,Asisten Ahli,,,2021-11-01,S1,Informatika,FIK
115,P,1986-08-26,RUMPUN ILMU TERAPAN,Aktif,PNS,Dosen Tetap,S2,III/b - Penata Muda Tk. I,Asisten Ahli,Sertifikasi Dosen,2024,2022-01-01,S1,Akuntansi,FEB
116,P,1961-06-02,RUMPUN ILMU TERAPAN,Aktif,PNS,Dosen Tetap,S2,III/d - Penata Tk. I,Lektor,Sertifikasi Dosen,0,1997-07-01,S1,Manajemen,FISIP
117,P,1974-09-08,RUMPUN ILMU TERAPAN,Aktif,PPPK,Dosen Tetap Perjanjian Kerja Waktu Tertentu,S2,III/b - Penata Muda Tk. I,Lektor,Sertifikasi Dosen,2013,2018-04-01,S1,Sistem Informasi,FIK
118,P,1989-06-05,RUMPUN ILMU TERAPAN,Aktif,CPNS,Dosen Tetap,S2,III/b - Penata Muda Tk. I,Lektor,Sertifikasi Dosen,2020,2021-07-01,S1,Manajemen,FISIP
119,L,1988-08-16,RUMPUN ILMU TERAPAN,Aktif,PNS,Dosen Tetap,S2,III/b - Penata Muda Tk. I,Asisten Ahli,Sertifikasi Dosen,2018,2021-10-01,S1,Gizi,FIKES
120,L,1993-04-19,,Aktif,CPNS,Dosen Tetap,S2,III/b - Penata Muda Tk. I,,,,,S1,Teknik Industri,FT
121,L,1970-10-23,,Aktif,TNI,Dosen Tidak Tetap,Sp-1,,,,,,Profesi,Pendidikan Profesi Dokter,FK
122,L,1985-08-31,RUMPUN ILMU SOSIAL,Aktif,PNS,Dosen Tetap,S2,III/c - Penata,Lektor,Sertifikasi Dosen,2022,2022-03-01,S1,Hubungan Internasional,FH
123,L,1961-02-22,RUMPUN ILMU TERAPAN,Aktif,PNS,Dosen Tetap,S2,III/d - Penata Tk. I,Lektor,Sertifikasi Dosen,2012,2011-03-01,S1,Teknik Industri,FT
124,L,1979-08-26,RUMPUN ILMU SOSIAL,Aktif,NON ASN,Dosen Tetap Perjanjian Kerja Waktu Tertentu,S3,III/a - Penata Muda,Lektor,Sertifikasi Dosen,2014,2016-01-01,S1,Hubungan Internasional,FH
125,P,1983-04-15,RUMPUN ILMU TERAPAN,Aktif,PNS,Dosen Tetap,S3,III/d - Penata Tk. I,Lektor Kepala,Sertifikasi Dosen,2020,2024-09-01,S1,Kesehatan Masyarakat,FIKES
126,P,1981-12-08,,Aktif,NON ASN,Dosen Tidak Tetap,Sp-1,,,,,,S1,Kedokteran,FK
127,P,1971-03-02,RUMPUN ILMU TERAPAN,Aktif,PPPK,Dosen Tetap Perjanjian Kerja Waktu Tertentu,S2,III/b - Penata Muda Tk. I,Lektor,Sertifikasi Dosen,2013,2021-04-01,S1,Kedokteran,FK
128,P,1981-05-20,RUMPUN ILMU TERAPAN,Aktif,PNS,Dosen Tetap,S2,III/d - Penata Tk. I,Lektor,Sertifikasi Dosen,2013,2017-05-31,S1,Keperawatan,FIKES
129,P,1975-04-06,,Aktif,PNS,Dosen Tetap,Sp-1,III/d - Penata Tk. I,,,,,S1,Kedokteran,FK
130,P,1991-07-02,RUMPUN ILMU TERAPAN,Aktif,NON ASN,Dosen Tetap Perjanjian Kerja Waktu Tertentu,S2,,Asisten Ahli,,,2020-03-01,S1,Kesehatan Masyarakat,FIKES
131,L,1993-08-31,RUMPUN ILMU FORMAL,Aktif,PNS,Dosen Tetap,S2,III/b - Penata Muda Tk. I,Asisten Ahli,,,2023-07-03,S1,Sains Data,FIK
132,P,1991-09-04,RUMPUN ILMU TERAPAN,Aktif,PNS,Dosen Tetap,S2,III/b - Penata Muda Tk. I,Asisten Ahli,,,2022-04-01,S1,Gizi,FIKES
133,L,1966-01-12,RUMPUN ILMU TERAPAN,Aktif,PPPK,Dosen Tetap Perjanjian Kerja Waktu Tertentu,S2,III/c - Penata,Lektor,Sertifikasi Dosen,2014,2017-11-01,S1,Ilmu Komunikasi,FISIP
134,L,1993-10-10,RUMPUN ILMU SOSIAL,TUGAS BELAJAR,NON ASN,Dosen Tidak Tetap,S2,,Asisten Ahli,,,2023-11-01,S1,Ilmu Politik,FISIP
135,L,1982-11-30,,Aktif,NON ASN,Dosen Tidak Tetap,Sp-1,,,,,,Profesi,Pendidikan Profesi Dokter,FK
136,P,1992-07-16,RUMPUN ILMU TERAPAN,Aktif,PNS,Dosen Tetap,S2,III/b - Penata Muda Tk. I,Asisten Ahli,,,2023-05-03,S1,Keperawatan,FIKES
137,P,1977-05-07,RUMPUN ILMU TERAPAN,Aktif,PPPK,Dosen Tetap Perjanjian Kerja Waktu Tertentu,S3,III/d - Penata Tk. I,Lektor,Sertifikasi Dosen,2013,2005-09-22,S1,Kesehatan Masyarakat,FIKES
138,L,1981-08-11,,Aktif,NON ASN,Dosen Tetap Perjanjian Kerja Waktu Tertentu,Sp-1,,,,,,Sp-1,Radiologi,FK
139,L,1988-01-20,RUMPUN ILMU SOSIAL,Aktif,NON ASN,Dosen Tetap Perjanjian Kerja Waktu Tertentu,S2,III/b - Penata Muda Tk. I,Asisten Ahli,,,2018-04-01,S1,Hubungan Internasional,FH
140,L,1983-06-04,RUMPUN ILMU SOSIAL,Aktif,PNS,Dosen Tetap,S3,III/c - Penata,Asisten Ahli,Sertifikasi Dosen,2016,2016-01-01,S2,Hubungan Internasional,FH
141,L,1995-04-01,,Aktif,CPNS,Dosen Tetap,S2,III/b - Penata Muda Tk. I,,,,,S1,Hukum,FH
142,L,1986-10-20,RUMPUN ILMU FORMAL,Aktif,PNS,Dosen Tetap,S2,III/c - Penata,Lektor,Sertifikasi Dosen,2017,2023-05-03,S1,Sistem Informasi,FIK
143,P,1994-12-31,RUMPUN ILMU TERAPAN,Aktif,NON ASN,Dosen Tetap Perjanjian Kerja Waktu Tertentu,S3,III/c - Penata,Lektor,Sertifikasi Dosen,2020,2023-07-03,S1,Hukum Bisnis,FH
144,L,1993-12-21,RUMPUN ILMU TERAPAN,Aktif,PNS,Dosen Tetap,S2,III/c - Penata,Lektor,,,2023-04-01,S1,Hukum Bisnis,FH
145,P,1974-10-20,RUMPUN ILMU TERAPAN,Aktif,NON ASN,Dosen Tetap Perjanjian Kerja Waktu Tertentu,S3,III/c - Penata,Lektor,,,2023-05-03,S2,Kesehatan Masyarakat,FIKES
146,L,1993-04-28,RUMPUN ILMU TERAPAN,Aktif,PNS,Dosen Tetap,S3,III/d - Penata Tk. I,Lektor,,,2023-04-01,S1,Hukum,FH
147,P,1988-07-20,RUMPUN ILMU TERAPAN,Aktif,PNS,Dosen Tetap,S2,III/d - Penata Tk. I,Lektor Kepala,Sertifikasi Dosen,2020,2024-12-01,Profesi,Pendidikan Profesi Ners,FK
148,P,1963-07-03,RUMPUN ILMU TERAPAN,Aktif,NON ASN,Dosen Tetap Perjanjian Kerja Waktu Tertentu,S3,III/c - Penata,Lektor,Sertifikasi Dosen,2021,1998-10-31,S2,Manajemen,FISIP
149,P,1982-06-24,RUMPUN ILMU FORMAL,Aktif,PPPK,Dosen Tetap Perjanjian Kerja Waktu Tertentu,S2,III/c - Penata,Lektor,Sertifikasi Dosen,2016,2020-03-01,D3,Sistem Informasi,FIK
150,P,1969-08-02,RUMPUN ILMU TERAPAN,Aktif,NON ASN,Dosen Tetap Perjanjian Kerja Waktu Tertentu,S2,III/d - Penata Tk. I,Lektor,Sertifikasi Dosen,2017,2020-07-01,D3,Keperawatan,FIKES
151,P,1992-02-02,,TUGAS BELAJAR,NON ASN,Dosen Tetap Perjanjian Kerja Waktu Tertentu,S2,III/b - Penata Muda Tk. I,Lektor,Sertifikasi Dosen,2023,2022-09-01,D3,Fisioterapi,FIKES
152,P,1991-06-29,RUMPUN ILMU TERAPAN,Aktif,NON ASN,Dosen Tetap Perjanjian Kerja Waktu Tertentu,S2,III/b - Penata Muda Tk. I,Lektor,Sertifikasi Dosen,2022,2023-07-03,S1,Ilmu Komunikasi,FISIP
153,L,1981-06-24,RUMPUN ILMU TERAPAN,Aktif,NON ASN,Dosen Tetap Perjanjian Kerja Waktu Tertentu,S3,III/c - Penata,Lektor Kepala,Sertifikasi Dosen,2018,2024-02-01,S1,Manajemen,FISIP
154,P,1989-01-10,RUMPUN ILMU TERAPAN,Aktif,PNS,Dosen Tetap,S2,III/c - Penata,Lektor,Sertifikasi Dosen,2023,2023-04-01,S1,Hukum,FH
155,P,1995-07-29,,Aktif,CPNS,Dosen Tetap,S2,III/b - Penata Muda Tk. I,,,,,S1,Teknik Industri,FT
156,L,1960-03-09,,Aktif,NON ASN,Dosen Tidak Tetap,S3,,,,,,S1,Hubungan Internasional,FH
157,L,1984-07-29,RUMPUN ILMU TERAPAN,Aktif,PNS,Dosen Tetap,S2,III/c - Penata,Lektor,Sertifikasi Dosen,2023,2023-07-03,S1,Ilmu Komunikasi,FISIP
158,P,1982-05-18,RUMPUN ILMU ALAM,Aktif,PPPK,Dosen Tetap Perjanjian Kerja Waktu Tertentu,S2,III/c - Penata,Lektor,Sertifikasi Dosen,2016,2017-11-01,S1,Kedokteran,FK
159,P,1960-10-15,RUMPUN ILMU SOSIAL,Aktif,NON ASN,Dosen Tidak Tetap,S3,III/c - Penata,Lektor,,,2022-11-01,S1,Hubungan Internasional,FH
160,L,1990-12-23,,Aktif,PNS,Dosen Tetap,S2,III/c - Penata,Lektor,Sertifikasi Dosen,2023,2023-05-01,S1,Ilmu Komunikasi,FISIP
161,P,1964-04-30,RUMPUN ILMU TERAPAN,Aktif,PNS,Dosen Tetap,S3,IV/a - Pembina,Lektor,Sertifikasi Dosen,2011,2016-01-01,S1,Ilmu Komunikasi,FISIP
162,P,1984-04-15,RUMPUN ILMU TERAPAN,Aktif,PPPK,Dosen Tetap Perjanjian Kerja Waktu Tertentu,S2,III/b - Penata Muda Tk. I,Lektor,Sertifikasi Dosen,2016,2019-09-30,S1,Kedokteran,FK
163,P,1961-11-14,,Aktif,PNS,Dosen Tetap,S3,IV/d - Pembina Utama Madya,Profesor,Sertifikasi Dosen,0,2022-03-01,S2,Akuntansi,FEB
164,L,1983-10-21,RUMPUN ILMU TERAPAN,TUGAS BELAJAR,NON ASN,Dosen Tetap Perjanjian Kerja Waktu Tertentu,S2,III/b - Penata Muda Tk. I,Asisten Ahli,,,2020-02-01,S1,Teknik Perkapalan,FT
165,P,1993-08-03,RUMPUN ILMU TERAPAN,Aktif,CPNS,Dosen Tetap,S2,III/b - Penata Muda Tk. I,Asisten Ahli,,,2024-01-01,S1,Keperawatan,FIKES
166,L,1970-07-14,RUMPUN ILMU FORMAL,Aktif,PPPK,Dosen Tetap Perjanjian Kerja Waktu Tertentu,S3,III/b - Penata Muda Tk. I,Lektor,Sertifikasi Dosen,2018,2018-04-01,S1,Informatika,FIK
167,P,1976-01-02,RUMPUN ILMU FORMAL,Aktif,PPPK,Dosen Tetap Perjanjian Kerja Waktu Tertentu,S2,III/c - Penata,Lektor,Sertifikasi Dosen,2012,2023-07-03,D3,Sistem Informasi,FIK
168,L,1962-07-18,RUMPUN ILMU TERAPAN,Aktif,POLRI,Dosen Tidak Tetap,S3,III/c - Penata,Lektor,,,2023-12-01,S1,Hukum,FH
169,L,1989-04-06,RUMPUN ILMU TERAPAN,TUGAS BELAJAR,PNS,Dosen Tetap,S2,III/c - Penata,Lektor,Sertifikasi Dosen,2021,2022-08-01,S1,Ilmu Komunikasi,FISIP
170,P,1985-02-19,RUMPUN ILMU TERAPAN,Aktif,NON ASN,Dosen Tetap Perjanjian Kerja Waktu Tertentu,S2,III/b - Penata Muda Tk. I,Lektor,Sertifikasi Dosen,2019,2020-02-01,S1,Ilmu Komunikasi,FISIP
171,L,1983-08-21,RUMPUN ILMU SOSIAL,Aktif,PNS,Dosen Tetap,S2,III/c - Penata,Lektor,Sertifikasi Dosen,2021,2022-01-01,S1,Hubungan Internasional,FH
172,P,1983-03-25,RUMPUN ILMU TERAPAN,Aktif,PNS,Dosen Tetap,S2,III/c - Penata,Lektor,Sertifikasi Dosen,2020,2021-11-01,S1,Teknik Industri,FT
173,P,1987-08-27,RUMPUN ILMU TERAPAN,Aktif,PNS,Dosen Tetap,S2,III/d - Penata Tk. I,Lektor,Sertifikasi Dosen,2021,2020-07-01,S1,Hukum,FH
174,L,1963-12-04,RUMPUN ILMU TERAPAN,Aktif,PNS,Dosen Tetap,S2,III/d - Penata Tk. I,Lektor,Sertifikasi Dosen,2017,2020-11-01,S1,Hukum,FH
175,L,1968-01-10,RUMPUN ILMU TERAPAN,Aktif,PPPK,Dosen Tetap Perjanjian Kerja Waktu Tertentu,S2,III/d - Penata Tk. I,Lektor,Sertifikasi Dosen,2011,2013-06-01,S1,Manajemen,FISIP
176,L,1983-03-30,RUMPUN ILMU TERAPAN,Aktif,NON ASN,Dosen Tetap Perjanjian Kerja Waktu Tertentu,S2,III/b - Penata Muda Tk. I,Lektor,Sertifikasi Dosen,2019,2019-04-01,S1,Ilmu Komunikasi,FISIP
177,L,1990-11-03,RUMPUN ILMU SOSIAL,Aktif,PNS,Dosen Tetap,S2,III/b - Penata Muda Tk. I,Asisten Ahli,,,2022-08-01,S1,Hubungan Internasional,FH
178,L,1970-09-25,RUMPUN ILMU TERAPAN,Aktif,PPPK,Dosen Tetap Perjanjian Kerja Waktu Tertentu,S2,III/c - Penata,Lektor,Sertifikasi Dosen,2020,2017-04-01,S1,Hukum,FH
179,L,1973-08-04,RUMPUN ILMU TERAPAN,Aktif,PNS,Dosen Tetap,S3,IV/b - Pembina Tk. I,Lektor,,,2023-04-03,S1,Hukum,FH
180,L,1982-06-27,RUMPUN ILMU TERAPAN,Aktif,NON ASN,Dosen Tetap Perjanjian Kerja Waktu Tertentu,S3,III/d - Penata Tk. I,Lektor,Sertifikasi Dosen,2017,2018-12-01,S1,Teknik Industri,FT
181,P,1990-06-29,RUMPUN ILMU TERAPAN,Aktif,NON ASN,Dosen Tetap Perjanjian Kerja Waktu Tertentu,S2,III/b - Penata Muda Tk. I,Asisten Ahli,,,2023-06-05,S1,Kedokteran,FK
182,L,1976-01-15,RUMPUN ILMU TERAPAN,Aktif,NON ASN,Dosen Tetap Perjanjian Kerja Waktu Tertentu,S3,III/c - Penata,Lektor Kepala,Sertifikasi Dosen,2020,2023-10-01,S3,Hukum,FH
183,P,1994-06-09,RUMPUN ILMU TERAPAN,Aktif,CPNS,Dosen Tetap,S2,III/b - Penata Muda Tk. I,,,,,S1,Akuntansi,FEB
184,P,2000-02-24,,Aktif,CPNS,Dosen Tetap,S2,III/b - Penata Muda Tk. I,,,,,S1,Manajemen,FISIP
185,P,1992-04-10,RUMPUN ILMU TERAPAN,Aktif,CPNS,Dosen Tetap,S3,III/c - Penata,Lektor,Sertifikasi Dosen,2020,2020-08-01,S1,Kesehatan Masyarakat,FIKES
186,L,1993-06-03,RUMPUN ILMU TERAPAN,Aktif,CPNS,Dosen Tetap,S3,III/c - Penata,Lektor,,,2023-05-03,S1,Teknik Perkapalan,FT
187,L,1994-04-04,RUMPUN ILMU FORMAL,Aktif,PNS,Dosen Tetap,S2,III/b - Penata Muda Tk. I,Lektor,Sertifikasi Dosen,2024,2024-11-01,S1,Sains Data,FIK
188,P,1992-05-17,,Aktif,CPNS,Dosen Tetap,S2,III/b - Penata Muda Tk. I,,,,,S1,Manajemen,FISIP
189,P,1986-01-10,RUMPUN ILMU SOSIAL,Aktif,CPNS,Dosen Tetap,S3,III/d - Penata Tk. I,Lektor,Sertifikasi Dosen,2019,2021-10-01,S1,Ilmu Politik,FISIP
190,L,1985-03-03,RUMPUN ILMU FORMAL,TUGAS BELAJAR,NON ASN,Dosen Tetap Perjanjian Kerja Waktu Tertentu,S2,,Asisten Ahli,,,2018-04-01,S1,Informatika,FIK
191,L,1959-12-18,,Aktif,NON ASN,Dosen Tidak Tetap,Sp-1,,,,,,Profesi,Pendidikan Profesi Dokter,FK
192,L,1989-07-29,RUMPUN ILMU TERAPAN,Aktif,CPNS,Dosen Tetap,S2,III/b - Penata Muda Tk. I,,,,,S1,Teknik Industri,FT
193,P,1999-07-05,,Aktif,CPNS,Dosen Tetap,S2,III/b - Penata Muda Tk. I,,,,,S1,Biologi,FIKES
194,L,1995-12-30,,Aktif,CPNS,Dosen Tetap,S2,III/b - Penata Muda Tk. I,,,,,S1,Biologi,FIKES
195,L,1973-11-08,,Aktif,POLRI,Dosen Tidak Tetap,Sp-2,,,,,,Profesi,Pendidikan Profesi Dokter,FK
196,P,1988-10-10,RUMPUN ILMU FORMAL,Aktif,NON ASN,Dosen Tetap Perjanjian Kerja Waktu Tertentu,S2,III/b - Penata Muda Tk. I,Lektor,Sertifikasi Dosen,2020,2019-09-02,D3,Sistem Informasi,FIK
197,P,1972-07-09,RUMPUN ILMU SOSIAL,Aktif,NON ASN,Dosen Tetap Perjanjian Kerja Waktu Tertentu,S2,,,,,,S1,Ilmu Politik,FISIP
198,P,1984-03-05,RUMPUN ILMU TERAPAN,TUGAS BELAJAR,PNS,Dosen Tetap,S2,III/c - Penata,Lektor,Sertifikasi Dosen,2019,2022-01-01,S1,Akuntansi,FEB
199,L,1978-08-19,,Aktif,PNS,Dosen Tetap,S3,III/d - Penata Tk. I,Lektor,,,2022-11-01,S1,Kedokteran,FK
200,P,1971-08-28,RUMPUN ILMU TERAPAN,Aktif,PNS,Dosen Tetap,S2,,Asisten Ahli,,,2022-10-01,S1,Kedokteran,FK
201,L,1965-08-29,RUMPUN ILMU TERAPAN,Aktif,NON ASN,Dosen Tidak Tetap,S3,III/c - Penata,Lektor,,,2024-06-01,S2,Manajemen,FISIP
202,P,1972-08-19,RUMPUN ILMU TERAPAN,Aktif,NON ASN,Dosen Tidak Tetap,Sp-1,,,,,,Profesi,Pendidikan Profesi Dokter,FK
203,L,1989-09-26,RUMPUN ILMU TERAPAN,Aktif,PNS,Dosen Tetap,S2,III/b - Penata Muda Tk. I,Lektor,Sertifikasi Dosen,2017,2023-01-01,S1,Akuntansi,FEB
204,L,1967-03-11,RUMPUN ILMU TERAPAN,Aktif,PNS,Dosen Tetap,S2,III/b - Penata Muda Tk. I,Asisten Ahli,,,2021-02-01,S1,Kedokteran,FK
205,P,1989-11-24,,TUGAS BELAJAR,PNS,Dosen Tetap,S2,III/c - Penata,Lektor,Sertifikasi Dosen,2020,2022-07-01,S1,Sistem Informasi,FIK
206,P,1974-09-19,RUMPUN ILMU TERAPAN,Aktif,NON ASN,Dosen Tetap Perjanjian Kerja Waktu Tertentu,S2,III/b - Penata Muda Tk. I,Asisten Ahli,,,2022-07-01,S1,Kedokteran,FK
207,P,1972-10-16,RUMPUN ILMU TERAPAN,Aktif,PPPK,Dosen Tetap Perjanjian Kerja Waktu Tertentu,S2,III/c - Penata,Lektor,Sertifikasi Dosen,2015,2023-07-03,S1,Kedokteran,FK
208,L,1992-11-03,RUMPUN ILMU TERAPAN,Aktif,PNS,Dosen Tetap,S2,III/b - Penata Muda Tk. I,Asisten Ahli,,,2023-07-03,S1,Informatika,FIK
209,L,1985-08-02,RUMPUN ILMU FORMAL,Aktif,PNS,Dosen Tetap,S2,III/b - Penata Muda Tk. I,Asisten Ahli,,,2023-06-05,S1,Informatika,FIK
210,L,1988-01-12,RUMPUN ILMU TERAPAN,Aktif,PNS,Dosen Tetap,S3,III/d - Penata Tk. I,Lektor,,,2023-05-03,S2,Kesehatan Masyarakat,FIKES
211,L,1971-10-01,,Aktif,TNI,Dosen Tidak Tetap,S2,,,,,,Profesi,Pendidikan Profesi Dokter,FK
212,P,1970-10-11,,Aktif,ASN JF Non Dosen,Dosen Tidak Tetap,S2,,,,,,Profesi,Pendidikan Profesi Dokter,FK
213,L,1975-08-10,,Aktif,ASN JF Non Dosen,Dosen Tidak Tetap,Sp-1,,,,,,Profesi,Pendidikan Profesi Dokter,FK
214,P,1973-10-19,,Aktif,ASN JF Non Dosen,Dosen Tidak Tetap,S2,,,,,,Profesi,Pendidikan Profesi Dokter,FK
215,P,1991-06-26,RUMPUN ILMU TERAPAN,TUGAS BELAJAR,PNS,Dosen Tetap,S2,III/c - Penata,Lektor,Sertifikasi Dosen,2018,2022-01-01,S1,Hukum,FH
216,P,1989-07-18,RUMPUN ILMU TERAPAN,Aktif,NON ASN,Dosen Tidak Tetap,S2,III/b - Penata Muda Tk. I,Lektor,Sertifikasi Dosen,2020,2020-08-01,S1,Kesehatan Masyarakat,FIKES
217,L,1979-05-15,RUMPUN ILMU SOSIAL,Aktif,NON ASN,Dosen Tetap Perjanjian Kerja Waktu Tertentu,S2,III/c - Penata,Lektor,Sertifikasi Dosen,2021,2020-12-01,S1,Ilmu Politik,FISIP
218,L,1979-05-11,RUMPUN ILMU TERAPAN,Aktif,ASN JF Non Dosen,Dosen Tidak Tetap,S3,IV/b - Pembina Tk. I,Lektor,,,2022-01-01,S2,Akuntansi,FEB
219,P,1991-10-24,RUMPUN ILMU TERAPAN,Aktif,PNS,Dosen Tetap,S2,III/b - Penata Muda Tk. I,Lektor,Sertifikasi Dosen,2021,2022-04-01,S1,Kesehatan Masyarakat,FIKES
220,P,1994-08-02,RUMPUN ILMU TERAPAN,Aktif,NON ASN,Dosen Tidak Tetap,S2,,Asisten Ahli,,,2024-05-01,S1,Sains Informasi,FISIP
221,L,1973-09-16,RUMPUN ILMU TERAPAN,Aktif,PNS,Dosen Tetap,S3,IV/a - Pembina,Lektor Kepala,Sertifikasi Dosen,2020,2024-12-01,S1,Kedokteran,FK
222,P,1988-05-18,,Aktif,NON ASN,Dosen Tidak Tetap,Sp-1,,,,,,Profesi,Pendidikan Profesi Dokter,FK
223,L,1990-01-13,RUMPUN ILMU TERAPAN,TUGAS BELAJAR,NON ASN,Dosen Tidak Tetap,S2,III/b - Penata Muda Tk. I,Lektor,Sertifikasi Dosen,2020,2021-04-01,S1,Gizi,FIKES
224,P,1992-06-13,RUMPUN ILMU TERAPAN,Aktif,PNS,Dosen Tetap,S2,III/c - Penata,Lektor,Sertifikasi Dosen,2023,2023-08-01,S1,Sains Informasi,FISIP
225,L,1968-12-17,RUMPUN ILMU TERAPAN,Aktif,PPPK,Dosen Tetap Perjanjian Kerja Waktu Tertentu,S2,III/c - Penata,Lektor,Sertifikasi Dosen,2010,2009-01-01,S1,Manajemen,FISIP
226,P,1993-09-08,RUMPUN ILMU FORMAL,TUGAS BELAJAR,PNS,Dosen Tetap,S2,III/b - Penata Muda Tk. I,Asisten Ahli,,,2022-07-01,S1,Sistem Informasi,FIK
227,P,1962-02-27,RUMPUN ILMU TERAPAN,Aktif,PNS,Dosen Tetap,S2,IV/a - Pembina,Lektor,Sertifikasi Dosen,2011,2007-09-01,S1,Manajemen,FISIP
228,P,1975-08-22,RUMPUN ILMU FORMAL,Aktif,NON ASN,Dosen Tetap Perjanjian Kerja Waktu Tertentu,S2,III/d - Penata Tk. I,Lektor,Sertifikasi Dosen,2012,2012-01-01,S1,Sistem Informasi,FIK
229,L,1998-01-25,,Aktif,CPNS,Dosen Tetap,S2,III/b - Penata Muda Tk. I,,,,,S1,Kesehatan Masyarakat,FIKES
230,L,1979-11-12,RUMPUN ILMU TERAPAN,Aktif,NON ASN,Dosen Tidak Tetap,S2,,,,,,S1,Kedokteran,FK
231,P,1967-06-25,RUMPUN ILMU TERAPAN,Aktif,PNS,Dosen Tetap,S2,IV/a - Pembina,Lektor,Sertifikasi Dosen,2016,2023-07-03,S1,Kesehatan Masyarakat,FIKES
232,L,1986-11-30,RUMPUN ILMU SOSIAL,Aktif,PNS,Dosen Tetap,S2,III/b - Penata Muda Tk. I,Asisten Ahli,Sertifikasi Dosen,2024,2021-03-01,S1,Ilmu Politik,FISIP
233,L,1964-12-10,RUMPUN ILMU SOSIAL,Aktif,PNS,Dosen Tetap,S3,IV/d - Pembina Utama Madya,Lektor,,,2022-02-01,S1,Ilmu Politik,FISIP
234,P,1975-08-22,RUMPUN ILMU TERAPAN,Aktif,PPPK,Dosen Tetap Perjanjian Kerja Waktu Tertentu,S2,III/b - Penata Muda Tk. I,Lektor,Sertifikasi Dosen,2020,2022-11-01,S1,Kedokteran,FK
235,L,1989-07-15,RUMPUN ILMU FORMAL,Aktif,PNS,Dosen Tetap,S2,III/c - Penata,Lektor,Sertifikasi Dosen,2019,2023-07-03,S1,Informatika,FIK
236,P,1974-06-11,,Aktif,ASN JF Non Dosen,Dosen Tidak Tetap,Sp-1,,,,,,Profesi,Pendidikan Profesi Dokter,FK
237,P,1971-07-09,RUMPUN ILMU TERAPAN,TUGAS BELAJAR,PNS,Dosen Tetap,S2,III/d - Penata Tk. I,Lektor,Sertifikasi Dosen,2015,2007-05-01,S1,Teknik Elektro,FT
238,P,1976-09-18,,TUGAS BELAJAR,NON ASN,Dosen Tetap Perjanjian Kerja Waktu Tertentu,S2,III/b - Penata Muda Tk. I,,,,,S1,Teknik Elektro,FT
239,L,1990-01-08,,Aktif,CPNS,Dosen Tetap,S3,III/c - Penata,Lektor,,,2024-05-01,S1,Kesehatan Masyarakat,FIKES
240,P,1990-07-22,,Aktif,CPNS,Dosen Tetap,S2,III/b - Penata Muda Tk. I,,,,,D3,Perbankan dan Keuangan,FEB
241,L,1989-07-18,,TUGAS BELAJAR,NON ASN,Dosen Tidak Tetap,S2,,Asisten Ahli,,,2020-02-01,S1,Teknik Industri,FT
242,L,1960-11-01,RUMPUN ILMU TERAPAN,Aktif,PNS,Dosen Tetap,S2,IV/a - Pembina,Lektor,Sertifikasi Dosen,2011,2001-01-01,S1,Manajemen,FISIP
243,L,1984-07-16,RUMPUN ILMU TERAPAN,TUGAS BELAJAR,PNS,Dosen Tetap,S2,III/d - Penata Tk. I,Lektor,Sertifikasi Dosen,2019,2022-01-01,S1,Manajemen,FISIP
244,L,1980-02-15,RUMPUN ILMU TERAPAN,Aktif,PNS,Dosen Tetap,S3,IV/a - Pembina,Lektor Kepala,Sertifikasi Dosen,2020,2022-10-01,S2,Akuntansi,FEB
245,P,1989-06-05,RUMPUN ILMU TERAPAN,TUGAS BELAJAR,PNS,Dosen Tetap,S2,III/c - Penata,Lektor,Sertifikasi Dosen,2022,2022-05-01,S1,Keperawatan,FIKES
246,P,1989-05-01,RUMPUN ILMU TERAPAN,Aktif,NON ASN,Dosen Tetap Perjanjian Kerja Waktu Tertentu,S2,III/b - Penata Muda Tk. I,Lektor,,,2023-06-05,S1,Farmasi,FIKES
247,P,1981-12-16,RUMPUN ILMU TERAPAN,Aktif,NON ASN,Dosen Tetap Perjanjian Kerja Waktu Tertentu,S2,,Asisten Ahli,,,2022-08-01,S1,Kedokteran,FK
248,P,1986-03-09,RUMPUN ILMU TERAPAN,Aktif,NON ASN,Dosen Tetap Perjanjian Kerja Waktu Tertentu,S2,III/b - Penata Muda Tk. I,Lektor,Sertifikasi Dosen,2020,2023-05-03,Profesi,Pendidikan Profesi Ners,FK
249,P,1996-03-21,,Aktif,CPNS,Dosen Tetap,S2,III/b - Penata Muda Tk. I,,,,,S1,Ekonomi Pembangunan,FEB
250,L,1971-06-26,RUMPUN ILMU SOSIAL,Aktif,NON ASN,Dosen Tetap Perjanjian Kerja Waktu Tertentu,S3,,Lektor,,,2022-05-01,S2,Ilmu Politik,FISIP
251,L,1961-10-22,RUMPUN ILMU TERAPAN,Aktif,PNS,Dosen Tetap,S3,IV/e - Pembina Utama,Profesor,Sertifikasi Dosen,2018,2023-05-01,S2,Sains Biomedis,FIKES
252,L,1985-04-10,RUMPUN ILMU TERAPAN,Aktif,PNS,Dosen Tetap,S3,III/d - Penata Tk. I,,,,,S1,Ilmu Komunikasi,FISIP
253,L,1995-08-20,,Aktif,CPNS,Dosen Tetap,S2,III/b - Penata Muda Tk. I,,,,,S1,Hukum,FH
254,L,1994-08-22,,Aktif,CPNS,Dosen Tetap,S2,III/b - Penata Muda Tk. I,,,,,D3,Sistem Informasi,FIK
255,P,1985-01-02,RUMPUN ILMU TERAPAN,Aktif,PNS,Dosen Tetap,S2,III/b - Penata Muda Tk. I,Lektor,Sertifikasi Dosen,2017,2019-05-01,S1,Gizi,FIKES
256,L,1988-07-14,RUMPUN ILMU TERAPAN,Aktif,PNS,Dosen Tetap,S2,III/b - Penata Muda Tk. I,Asisten Ahli,,,2023-05-03,S1,Fisioterapi,FIKES
257,P,1990-07-16,RUMPUN ILMU TERAPAN,Aktif,CPNS,Dosen Tetap,S2,III/b - Penata Muda Tk. I,Asisten Ahli,,,2020-03-31,S1,Hukum Bisnis,FH
258,L,1986-07-15,RUMPUN ILMU SOSIAL,Aktif,NON ASN,Dosen Tetap Perjanjian Kerja Waktu Tertentu,S2,,Asisten Ahli,,,2019-04-21,S1,Hubungan Internasional,FH
259,P,1993-08-25,RUMPUN ILMU TERAPAN,Aktif,NON ASN,Dosen Tetap Perjanjian Kerja Waktu Tertentu,S2,III/b - Penata Muda Tk. I,Lektor,,,2024-04-01,S1,Kedokteran,FK
260,P,1995-05-17,RUMPUN ILMU TERAPAN,Aktif,NON ASN,Dosen Tetap Perjanjian Kerja Waktu Tertentu,S2,III/b - Penata Muda Tk. I,Asisten Ahli,,,2023-07-03,S1,Farmasi,FIKES
261,P,1990-12-08,RUMPUN ILMU TERAPAN,Aktif,PNS,Dosen Tetap,S2,III/b - Penata Muda Tk. I,Asisten Ahli,,,2024-05-01,S1,Ilmu Komunikasi,FISIP
262,P,1984-04-16,RUMPUN ILMU TERAPAN,Aktif,NON ASN,Dosen Tetap Perjanjian Kerja Waktu Tertentu,S2,,Asisten Ahli,,,2020-04-01,S1,Keperawatan,FIKES
263,L,1990-06-26,RUMPUN ILMU KEAGAMAAN,Aktif,NON ASN,Dosen Tetap Perjanjian Kerja Waktu Tertentu,S2,III/b - Penata Muda Tk. I,Lektor,,,2022-02-01,S1,Hukum,FH
264,P,1993-11-06,,Aktif,CPNS,Dosen Tetap,S2,III/b - Penata Muda Tk. I,,,,,S1,Sistem Informasi,FIK
265,P,1987-10-07,RUMPUN ILMU TERAPAN,Aktif,NON ASN,Dosen Tetap Perjanjian Kerja Waktu Tertentu,S2,III/b - Penata Muda Tk. I,Lektor,Sertifikasi Dosen,2019,2019-10-01,S1,Ilmu Komunikasi,FISIP
266,L,1968-03-11,,Aktif,TNI,Dosen Tidak Tetap,Sp-1,,,,,,Profesi,Pendidikan Profesi Dokter,FK
267,P,1990-05-20,RUMPUN ILMU TERAPAN,Aktif,NON ASN,Dosen Tetap Perjanjian Kerja Waktu Tertentu,S2,III/b - Penata Muda Tk. I,Asisten Ahli,,,2022-09-01,D3,Fisioterapi,FIKES
268,L,1968-10-22,,Aktif,POLRI,Dosen Tidak Tetap,S2,,,,,,Profesi,Pendidikan Profesi Dokter,FK
269,L,1965-02-17,RUMPUN ILMU SOSIAL,Aktif,NON ASN,Dosen Tidak Tetap,S3,,,,,,S1,Ekonomi Pembangunan,FEB
270,P,1965-10-10,RUMPUN ILMU SOSIAL,Aktif,PPPK,Dosen Tetap Perjanjian Kerja Waktu Tertentu,S3,III/c - Penata,Lektor,Sertifikasi Dosen,2017,2017-04-01,S1,Ilmu Komunikasi,FISIP
271,P,1978-01-27,,Aktif,ASN JF Non Dosen,Dosen Tidak Tetap,Sp-1,,,,,,Profesi,Pendidikan Profesi Dokter,FK
272,P,1966-05-18,,Aktif,ASN JF Non Dosen,Dosen Tidak Tetap,Sp-1,,,,,,Profesi,Pendidikan Profesi Dokter,FK
273,L,1985-06-04,,Aktif,NON ASN,Dosen Tidak Tetap,Sp-1,,,,,,Profesi,Pendidikan Profesi Dokter,FK
274,L,1979-04-13,,Aktif,NON ASN,Dosen Tidak Tetap,Sp-1,,,,,,Profesi,Pendidikan Profesi Dokter,FK
275,P,1991-04-11,RUMPUN ILMU SOSIAL,Aktif,NON ASN,Dosen Tetap Perjanjian Kerja Waktu Tertentu,S2,III/b - Penata Muda Tk. I,Asisten Ahli,,,2022-06-01,S1,Ekonomi Pembangunan,FEB
276,P,1978-01-09,,Aktif,TNI,Dosen Tidak Tetap,Sp-1,,,,,,Profesi,Pendidikan Profesi Dokter,FK
277,L,1968-11-12,,Aktif,NON ASN,Dosen Tidak Tetap,S3,,,,,,S2,Hukum,FH
278,P,1967-10-28,RUMPUN ILMU TERAPAN,Aktif,PNS,Dosen Tetap,S2,IV/a - Pembina,Lektor,Sertifikasi Dosen,2011,2016-08-01,S1,Ilmu Komunikasi,FISIP
279,L,1968-04-28,,Aktif,TNI,Dosen Tidak Tetap,Sp-2,,,,,,Profesi,Pendidikan Profesi Dokter,FK
280,L,1964-11-10,,Aktif,TNI,Dosen Tidak Tetap,Sp-1,,,,,,Profesi,Pendidikan Profesi Dokter,FK
281,L,1969-12-18,RUMPUN ILMU SOSIAL,Aktif,PNS,Dosen Tetap,S3,IV/a - Pembina,Lektor,,,2022-04-01,S2,Ilmu Politik,FISIP
282,P,1989-12-08,RUMPUN ILMU TERAPAN,Aktif,PNS,Dosen Tetap,S2,III/d - Penata Tk. I,Lektor,Sertifikasi Dosen,2019,2023-07-03,S1,Farmasi,FIKES
283,P,1959-12-14,,Aktif,NON ASN,Dosen Tidak Tetap,Sp-1,,,,,,Profesi,Pendidikan Profesi Dokter,FK
284,P,1987-10-06,RUMPUN ILMU TERAPAN,TUGAS BELAJAR,NON ASN,Dosen Tetap Perjanjian Kerja Waktu Tertentu,S2,III/b - Penata Muda Tk. I,Lektor,Sertifikasi Dosen,2018,2022-07-01,S1,Hukum,FH
285,L,1981-08-07,,Aktif,ASN JF Non Dosen,Dosen Tidak Tetap,Sp-1,,,,,,Profesi,Pendidikan Profesi Dokter,FK
286,P,1978-04-12,,Aktif,ASN JF Non Dosen,Dosen Tidak Tetap,Profesi,,,,,,Profesi,Pendidikan Profesi Dokter,FK
287,L,1964-08-05,,Aktif,TNI,Dosen Tidak Tetap,S3,,,,,,Sp-1,Radiologi,FK
288,P,1970-02-13,,Aktif,ASN JF Non Dosen,Dosen Tidak Tetap,Sp-1,,,,,,Profesi,Pendidikan Profesi Dokter,FK
289,P,1991-03-07,,Aktif,NON ASN,Dosen Tetap Perjanjian Kerja Waktu Tertentu,S2,III/b - Penata Muda Tk. I,Lektor,,,2022-12-01,S1,Akuntansi,FEB
290,L,1998-01-04,RUMPUN ILMU TERAPAN,Aktif,NON ASN,Dosen Tidak Tetap,S2,,,,,,S1,Teknik Perkapalan,FT
291,P,1960-08-16,RUMPUN ILMU SOSIAL,Aktif,PNS,Dosen Tetap,S3,IV/b - Pembina Tk. I,Lektor Kepala,Sertifikasi Dosen,0,2010-01-01,S1,Manajemen,FISIP
292,P,1981-06-16,RUMPUN ILMU TERAPAN,Aktif,NON ASN,Dosen Tetap Perjanjian Kerja Waktu Tertentu,S2,III/b - Penata Muda Tk. I,Lektor,,,2023-06-05,S1,Kedokteran,FK
293,L,1983-12-03,RUMPUN ILMU TERAPAN,Aktif,TNI,Dosen Tidak Tetap,S2,,Asisten Ahli,,,2024-08-01,S1,Keperawatan,FIKES
294,L,1968-10-30,RUMPUN ILMU TERAPAN,Aktif,NON ASN,Dosen Tetap Perjanjian Kerja Waktu Tertentu,S3,III/d - Penata Tk. I,Lektor,Sertifikasi Dosen,2023,2002-04-01,S1,Teknik Mesin,FT
295,P,1988-03-29,RUMPUN ILMU FORMAL,Aktif,PNS,Dosen Tetap,S2,III/c - Penata,Lektor,Sertifikasi Dosen,2021,2022-07-01,S1,Sistem Informasi,FIK
296,L,1987-04-01,,Aktif,NON ASN,Dosen Tidak Tetap,Sp-1,,,,,,Profesi,Pendidikan Profesi Dokter,FK
297,L,1970-06-02,RUMPUN ILMU TERAPAN,Aktif,PPPK,Dosen Tetap Perjanjian Kerja Waktu Tertentu,S3,IV/a - Pembina,Lektor Kepala,Sertifikasi Dosen,2010,2016-05-24,S3,Hukum,FH
298,P,1983-06-08,,Aktif,PNS,Dosen Tetap,S2,III/b - Penata Muda Tk. I,Asisten Ahli,,,2020-02-01,S1,Manajemen,FISIP
299,L,1960-08-21,RUMPUN ILMU TERAPAN,Aktif,PNS,Dosen Tetap,S2,IV/b - Pembina Tk. I,Lektor,Sertifikasi Dosen,2017,2013-02-01,S1,Manajemen,FISIP
300,L,1962-06-12,,Aktif,NON ASN,Pengajar nondosen,S2,,Lektor,,,1993-09-01,S1,Informatika,FIK
301,P,1992-02-18,RUMPUN ILMU TERAPAN,TUGAS BELAJAR,PNS,Dosen Tetap,S2,III/c - Penata,Lektor,Sertifikasi Dosen,2021,2022-01-01,S1,Gizi,FIKES
302,P,1992-03-01,RUMPUN ILMU TERAPAN,Aktif,PNS,Dosen Tetap,S2,III/c - Penata,Lektor,Sertifikasi Dosen,2023,2023-05-03,S1,Teknik Industri,FT
303,L,1985-02-27,RUMPUN ILMU TERAPAN,Aktif,NON ASN,Dosen Tetap Perjanjian Kerja Waktu Tertentu,S2,III/b - Penata Muda Tk. I,Asisten Ahli,Sertifikasi Dosen,2017,2016-08-01,S1,Teknik Mesin,FT
304,P,1973-01-06,RUMPUN ILMU TERAPAN,Aktif,NON ASN,Dosen Tetap Perjanjian Kerja Waktu Tertentu,S3,III/d - Penata Tk. I,Lektor Kepala,Sertifikasi Dosen,2012,2023-12-01,S2,Ilmu Komunikasi,FISIP
305,P,1984-09-13,RUMPUN ILMU TERAPAN,Aktif,NON ASN,Dosen Tetap Perjanjian Kerja Waktu Tertentu,S3,IV/a - Pembina,Lektor Kepala,Sertifikasi Dosen,2016,2023-08-01,S2,Ilmu Komunikasi,FISIP
306,P,1992-04-21,RUMPUN ILMU TERAPAN,Aktif,NON ASN,Dosen Tetap Perjanjian Kerja Waktu Tertentu,S2,III/b - Penata Muda Tk. I,Lektor,,,2023-11-01,S1,Kedokteran,FK
307,P,1998-03-05,,Aktif,CPNS,Dosen Tetap,S2,III/b - Penata Muda Tk. I,,,,,S1,Teknik Elektro,FT
308,P,1989-12-27,RUMPUN ILMU TERAPAN,Aktif,CPNS,Dosen Tetap,S2,III/b - Penata Muda Tk. I,,,,,S1,Keperawatan,FIKES
309,L,1968-11-30,,Aktif,TNI,Dosen Tidak Tetap,S2,,,,,,Profesi,Pendidikan Profesi Dokter,FK
310,L,1964-10-23,,Aktif,PNS,Dosen Tetap,S3,IV/b - Pembina Tk. I,Lektor,,,2020-07-01,S1,Keperawatan,FIKES
311,L,1991-12-12,,Aktif,CPNS,Dosen Tetap,S2,III/b - Penata Muda Tk. I,,,,,S1,Kesehatan Masyarakat,FIKES
312,P,1974-03-12,RUMPUN ILMU TERAPAN,Aktif,PPPK,Dosen Tetap Perjanjian Kerja Waktu Tertentu,S3,III/d - Penata Tk. I,Lektor,Sertifikasi Dosen,2019,2005-04-01,S2,Akuntansi,FEB
313,P,1982-10-15,RUMPUN ILMU SOSIAL,Aktif,NON ASN,Dosen Tetap Perjanjian Kerja Waktu Tertentu,S2,III/b - Penata Muda Tk. I,Asisten Ahli,,,2012-04-01,S1,Akuntansi,FEB
314,L,1994-04-19,RUMPUN ILMU TERAPAN,Aktif,NON ASN,Dosen Tetap Perjanjian Kerja Waktu Tertentu,S3,,Lektor,,,2022-10-11,S1,Teknik Perkapalan,FT
315,P,1990-05-25,RUMPUN ILMU FORMAL,TUGAS BELAJAR,PNS,Dosen Tetap,S2,III/c - Penata,Lektor,Sertifikasi Dosen,2020,2022-01-01,S1,Informatika,FIK
316,P,1970-10-27,,Aktif,NON ASN,Dosen Tidak Tetap,Sp-1,,,,,,Profesi,Pendidikan Profesi Dokter,FK
317,P,1990-06-21,,Aktif,NON ASN,Dosen Tidak Tetap,Sp-1,,,,,,Profesi,Pendidikan Profesi Dokter,FK
318,P,1984-10-20,RUMPUN ILMU TERAPAN,Aktif,PPPK,Dosen Tetap Perjanjian Kerja Waktu Tertentu,S3,III/c - Penata,Lektor,Sertifikasi Dosen,2015,2016-01-01,S1,Gizi,FIKES
319,L,1978-01-11,,Aktif,TNI,Dosen Tidak Tetap,Sp-1,,,,,,Profesi,Pendidikan Profesi Dokter,FK
320,P,1974-09-10,RUMPUN ILMU TERAPAN,Aktif,NON ASN,Dosen Tetap Perjanjian Kerja Waktu Tertentu,S3,III/d - Penata Tk. I,Lektor,Sertifikasi Dosen,2017,2021-01-01,S1,Teknik Perkapalan,FT
321,L,1969-10-05,,Aktif,ASN JF Non Dosen,Dosen Tidak Tetap,Sp-1,,,,,,Profesi,Pendidikan Profesi Dokter,FK
322,P,1995-07-26,RUMPUN ILMU TERAPAN,TUGAS BELAJAR,NON ASN,Dosen Tetap Perjanjian Kerja Waktu Tertentu,S2,III/b - Penata Muda Tk. I,Asisten Ahli,Sertifikasi Dosen,2024,2022-03-01,S1,Kedokteran,FK
323,L,1993-11-14,RUMPUN ILMU TERAPAN,TUGAS BELAJAR,PNS,Dosen Tetap,S2,III/b - Penata Muda Tk. I,Asisten Ahli,,,2021-02-01,S1,Teknik Elektro,FT
324,L,1958-07-12,RUMPUN ILMU TERAPAN,Aktif,PNS,Dosen Tetap,S3,IV/e - Pembina Utama,Profesor,Sertifikasi Dosen,2017,2018-01-01,S3,Hukum,FH
325,P,1983-10-20,RUMPUN ILMU TERAPAN,Aktif,CPNS,Dosen Tetap,S3,III/c - Penata,,,,,S1,Teknik Industri,FT
326,P,1981-03-29,,Aktif,ASN JF Non Dosen,Dosen Tidak Tetap,Sp-1,,,,,,Profesi,Pendidikan Profesi Dokter,FK
327,L,1986-07-24,,Aktif,NON ASN,Dosen Tidak Tetap,Profesi,,,,,,Profesi,Pendidikan Profesi Dokter,FK
328,L,1988-05-02,RUMPUN ILMU FORMAL,Aktif,PPPK,Dosen Tetap Perjanjian Kerja Waktu Tertentu,S2,III/c - Penata,Lektor,Sertifikasi Dosen,2017,2018-10-01,S1,Informatika,FIK
329,L,1975-04-14,,Aktif,NON ASN,Dosen Tetap Perjanjian Kerja Waktu Tertentu,Sp-1,,,,,,Sp-1,Radiologi,FK
330,P,1984-02-15,RUMPUN ILMU TERAPAN,Aktif,PNS,Dosen Tetap,S2,III/c - Penata,Lektor,Sertifikasi Dosen,2023,2022-09-01,S1,Keperawatan,FIKES
331,L,1973-12-13,,Aktif,NON ASN,Pengajar nondosen,S2,,,,,,S1,Keperawatan,FIKES
332,L,1971-10-15,,Aktif,TNI,Dosen Tidak Tetap,Sp-1,,,,,,Profesi,Pendidikan Profesi Dokter,FK
333,P,1965-02-26,RUMPUN ILMU TERAPAN,Aktif,NON ASN,Dosen Tidak Tetap,S2,,,,,,S1,Fisioterapi,FIKES
334,P,1994-04-26,RUMPUN ILMU TERAPAN,Aktif,CPNS,Dosen Tetap,S2,III/b - Penata Muda Tk. I,,,,,S1,Farmasi,FIKES
335,L,1971-02-21,,Aktif,TNI,Dosen Tidak Tetap,Sp-1,,,,,,Profesi,Pendidikan Profesi Dokter,FK
336,P,1970-05-21,RUMPUN ILMU FORMAL,Aktif,PPPK,Dosen Tetap Perjanjian Kerja Waktu Tertentu,S2,III/b - Penata Muda Tk. I,Lektor,Sertifikasi Dosen,2016,2023-06-05,S1,Sistem Informasi,FIK
337,L,1992-05-25,RUMPUN ILMU SOSIAL,Aktif,NON ASN,Dosen Tidak Tetap,S2,,,,,,S1,Kedokteran,FK
338,L,1977-07-06,RUMPUN ILMU TERAPAN,Aktif,NON ASN,Dosen Tetap Perjanjian Kerja Waktu Tertentu,S3,III/c - Penata,Profesor,Sertifikasi Dosen,2017,2022-10-01,S2,Kesehatan Masyarakat,FIKES
339,P,1991-04-11,RUMPUN ILMU TERAPAN,TUGAS BELAJAR,NON ASN,Dosen Tetap Perjanjian Kerja Waktu Tertentu,S2,III/b - Penata Muda Tk. I,Lektor,Sertifikasi Dosen,2020,2021-02-01,S1,Manajemen,FISIP
340,L,1992-09-10,,Aktif,CPNS,Dosen Tetap,S3,III/c - Penata,,,,,S1,Teknik Mesin,FT
341,L,1987-03-02,RUMPUN ILMU TERAPAN,Aktif,NON ASN,Dosen Tetap Perjanjian Kerja Waktu Tertentu,S3,III/c - Penata,Lektor,,,2024-10-01,S2,Ilmu Komunikasi,FISIP
342,L,1984-02-02,RUMPUN ILMU TERAPAN,Aktif,NON ASN,Dosen Tetap Perjanjian Kerja Waktu Tertentu,S3,III/b - Penata Muda Tk. I,Asisten Ahli,Sertifikasi Dosen,2021,2016-08-01,S1,Akuntansi,FEB
343,L,1975-08-12,RUMPUN ILMU TERAPAN,Aktif,NON ASN,Dosen Tetap Perjanjian Kerja Waktu Tertentu,S2,III/c - Penata,Lektor,,,2023-05-03,S1,Gizi,FIKES
344,P,1967-04-12,RUMPUN ILMU TERAPAN,Aktif,NON ASN,Dosen Tetap Perjanjian Kerja Waktu Tertentu,S2,III/d - Penata Tk. I,Lektor,Sertifikasi Dosen,2014,2020-08-01,S1,Keperawatan,FIKES
345,P,1993-04-21,RUMPUN ILMU TERAPAN,Aktif,CPNS,Dosen Tetap,S2,III/b - Penata Muda Tk. I,,,,,S1,Kesehatan Masyarakat,FIKES
346,P,1991-10-19,,Aktif,CPNS,Dosen Tetap,S2,III/b - Penata Muda Tk. I,,,,,S1,Manajemen,FISIP
347,L,1960-05-02,RUMPUN ILMU TERAPAN,Aktif,PNS,Dosen Tetap,S3,IV/c - Pembina Utama Muda,Profesor,Sertifikasi Dosen,2018,2024-12-01,S3,Hukum,FH
348,L,1993-12-04,RUMPUN ILMU TERAPAN,Aktif,CPNS,Dosen Tetap,S2,III/b - Penata Muda Tk. I,,,,,S1,Teknik Industri,FT
349,P,1998-01-27,RUMPUN ILMU TERAPAN,Aktif,CPNS,Dosen Tetap,S2,III/b - Penata Muda Tk. I,,,,,S1,Teknik Industri,FT
350,L,1975-07-01,RUMPUN ILMU TERAPAN,Aktif,PNS,Dosen Tetap,S3,III/d - Penata Tk. I,Lektor Kepala,Sertifikasi Dosen,2011,2024-09-01,S1,Akuntansi,FEB
351,L,1960-01-21,RUMPUN ILMU TERAPAN,Aktif,NON ASN,Dosen Tidak Tetap,S3,,Lektor,,,2002-12-31,S1,Hukum,FH
352,P,1978-11-03,RUMPUN ILMU TERAPAN,Aktif,NON ASN,Dosen Tetap Perjanjian Kerja Waktu Tertentu,S3,III/c - Penata,Lektor,,,2022-10-01,S1,Teknik Elektro,FT
353,P,1969-12-16,RUMPUN ILMU TERAPAN,Aktif,PPPK,Dosen Tetap Perjanjian Kerja Waktu Tertentu,S2,IV/a - Pembina,Lektor Kepala,Sertifikasi Dosen,2009,2009-12-01,S1,Farmasi,FIKES
354,L,1994-10-07,RUMPUN ILMU FORMAL,Aktif,PNS,Dosen Tetap,S2,III/b - Penata Muda Tk. I,Asisten Ahli,,,2024-05-01,S1,Informatika,FIK
355,L,1969-06-15,RUMPUN ILMU TERAPAN,Aktif,NON ASN,Dosen Tetap Perjanjian Kerja Waktu Tertentu,S2,III/b - Penata Muda Tk. I,Asisten Ahli,,,2022-07-01,S1,Kedokteran,FK
356,L,1984-07-13,RUMPUN ILMU TERAPAN,Aktif,NON ASN,Dosen Tetap Perjanjian Kerja Waktu Tertentu,S2,,,,,,S1,Sistem Informasi,FIK
357,L,1974-06-06,RUMPUN ILMU TERAPAN,Aktif,PPPK,Dosen Tetap Perjanjian Kerja Waktu Tertentu,S2,III/b - Penata Muda Tk. I,Lektor,Sertifikasi Dosen,2013,2022-03-01,S1,Akuntansi,FEB
358,L,1986-10-30,RUMPUN ILMU TERAPAN,Aktif,PPPK,Dosen Tetap Perjanjian Kerja Waktu Tertentu,S2,III/b - Penata Muda Tk. I,Lektor,,,2023-07-03,S1,Teknik Mesin,FT
359,P,1981-01-29,RUMPUN ILMU TERAPAN,Aktif,PPPK,Dosen Tetap Perjanjian Kerja Waktu Tertentu,S3,III/b - Penata Muda Tk. I,Lektor,Sertifikasi Dosen,2016,2016-01-01,D3,Keperawatan,FIKES
360,L,1978-04-28,,Aktif,NON ASN,Dosen Tidak Tetap,Sp-1,,,,,,Profesi,Pendidikan Profesi Dokter,FK
361,L,1970-11-01,,Aktif,TNI,Dosen Tidak Tetap,S3,,,,,,Profesi,Pendidikan Profesi Dokter,FK
362,P,1971-10-13,,Aktif,NON ASN,Dosen Tidak Tetap,Sp-1,,,,,,Profesi,Pendidikan Profesi Dokter,FK
363,L,1972-06-10,RUMPUN ILMU TERAPAN,Aktif,TNI,Dosen Tidak Tetap,S2,,,,,,Profesi,Pendidikan Profesi Dokter,FK
364,P,1984-03-13,RUMPUN ILMU TERAPAN,Aktif,PNS,Dosen Tetap,S2,III/b - Penata Muda Tk. I,Lektor,Sertifikasi Dosen,2022,2025-01-01,S1,Akuntansi,FEB
365,L,1965-11-25,,Aktif,TNI,Dosen Tidak Tetap,Sp-1,,,,,,Profesi,Pendidikan Profesi Dokter,FK
366,P,1973-05-05,RUMPUN ILMU TERAPAN,Aktif,PPPK,Dosen Tetap Perjanjian Kerja Waktu Tertentu,S2,III/c - Penata,Lektor,Sertifikasi Dosen,2016,2023-06-05,S1,Kedokteran,FK
367,L,1987-12-03,RUMPUN ILMU FORMAL,TUGAS BELAJAR,PNS,Dosen Tetap,S2,III/b - Penata Muda Tk. I,Asisten Ahli,,,2018-08-01,S1,Informatika,FIK
368,P,1961-07-20,,Aktif,PNS,Dosen Tetap,S2,IV/a - Pembina,Lektor,Sertifikasi Dosen,2015,2001-01-01,S1,Manajemen,FISIP
369,L,1968-03-21,RUMPUN ILMU TERAPAN,Aktif,PNS,Dosen Tetap,S3,III/d - Penata Tk. I,Lektor,Sertifikasi Dosen,2015,2013-10-01,D3,Keperawatan,FIKES
370,P,1984-07-30,,Aktif,PNS,Dosen Tetap,Sp-1,,,,,,S1,Kedokteran,FK
371,P,1981-05-19,,Aktif,NON ASN,Dosen Tetap Perjanjian Kerja Waktu Tertentu,S2,III/d - Penata Tk. I,Lektor,Sertifikasi Dosen,2019,2020-03-01,S1,Akuntansi,FEB
372,P,1974-02-21,RUMPUN ILMU FORMAL,Aktif,PPPK,Dosen Tetap Perjanjian Kerja Waktu Tertentu,S2,III/b - Penata Muda Tk. I,Lektor,Sertifikasi Dosen,2012,2018-04-01,S1,Sistem Informasi,FIK
373,P,1978-05-27,RUMPUN ILMU TERAPAN,Aktif,PPPK,Dosen Tetap Perjanjian Kerja Waktu Tertentu,S2,III/c - Penata,Lektor,Sertifikasi Dosen,2019,2021-05-01,S1,Manajemen,FISIP
374,P,1991-05-11,,TUGAS BELAJAR,PNS,Dosen Tetap,S2,III/b - Penata Muda Tk. I,Lektor,Sertifikasi Dosen,2021,2022-12-01,S1,Kesehatan Masyarakat,FIKES
375,P,1966-01-02,RUMPUN ILMU ALAM,Aktif,PPPK,Dosen Tetap Perjanjian Kerja Waktu Tertentu,S2,IV/b - Pembina Tk. I,Lektor Kepala,Sertifikasi Dosen,0,2019-01-01,S1,Kedokteran,FK
376,P,1978-11-06,RUMPUN ILMU TERAPAN,Aktif,PPPK,Dosen Tetap Perjanjian Kerja Waktu Tertentu,S3,III/c - Penata,Lektor,Sertifikasi Dosen,2015,2018-04-01,D3,Keperawatan,FIKES
377,P,1985-07-02,RUMPUN ILMU TERAPAN,Aktif,PNS,Dosen Tetap,S2,III/b - Penata Muda Tk. I,Asisten Ahli,,,2024-09-01,S1,Teknik Mesin,FT
378,L,1973-01-26,,Aktif,TNI,Dosen Tidak Tetap,Sp-1,,,,,,Profesi,Pendidikan Profesi Dokter,FK
379,L,1984-04-20,,Aktif,NON ASN,Dosen Tidak Tetap,Sp-1,,,,,,Profesi,Pendidikan Profesi Dokter,FK
380,L,1990-03-11,RUMPUN ILMU TERAPAN,Aktif,PNS,Dosen Tetap,S2,III/c - Penata,Lektor,Sertifikasi Dosen,2024,2023-05-03,S1,Hukum,FH
381,L,1989-08-09,RUMPUN ILMU TERAPAN,Aktif,NON ASN,Dosen Tidak Tetap,S2,,,,,,S1,Kedokteran,FK
382,P,1985-10-19,RUMPUN ILMU TERAPAN,Aktif,PNS,Dosen Tetap,S3,III/d - Penata Tk. I,Lektor Kepala,Sertifikasi Dosen,2017,2024-09-01,S1,Kesehatan Masyarakat,FIKES
383,P,1982-04-27,RUMPUN ILMU TERAPAN,Aktif,NON ASN,Dosen Tidak Tetap,Sp-1,,,,,,S1,Kedokteran,FK
384,P,1970-12-19,,Aktif,ASN JF Non Dosen,Dosen Tidak Tetap,Sp-1,,,,,,Profesi,Pendidikan Profesi Dokter,FK
385,P,1985-10-16,,TUGAS BELAJAR,PNS,Dosen Tetap,S2,III/b - Penata Muda Tk. I,Asisten Ahli,,,2020-11-01,S1,Kesehatan Masyarakat,FIKES
386,P,1980-07-24,,Aktif,ASN JF Non Dosen,Dosen Tidak Tetap,Sp-1,,,,,,Profesi,Pendidikan Profesi Dokter,FK
387,L,1988-11-29,RUMPUN ILMU TERAPAN,Aktif,PNS,Dosen Tetap,Sp-1,,,,,,S1,Kedokteran,FK
388,L,1980-09-09,,Aktif,TNI,Dosen Tidak Tetap,Sp-1,,,,,,Profesi,Pendidikan Profesi Dokter,FK
389,P,1982-02-27,RUMPUN ILMU TERAPAN,Aktif,PPPK,Dosen Tetap Perjanjian Kerja Waktu Tertentu,S2,III/c - Penata,Lektor,Sertifikasi Dosen,2015,2018-04-01,D3,Keperawatan,FIKES
390,L,1981-11-09,RUMPUN ILMU FORMAL,Aktif,PPPK,Dosen Tetap Perjanjian Kerja Waktu Tertentu,S2,III/c - Penata,Lektor,Sertifikasi Dosen,2016,2018-10-01,S1,Informatika,FIK
391,L,1984-06-03,,Aktif,PNS,Dosen Tetap,S2,III/b - Penata Muda Tk. I,Asisten Ahli,,,2019-09-01,S1,Informatika,FIK
392,P,1987-07-04,,Aktif,NON ASN,Dosen Tidak Tetap,S2,,,,,,Profesi,Pendidikan Profesi Dokter,FK
393,P,1993-06-21,RUMPUN ILMU TERAPAN,Aktif,PNS,Dosen Tetap,S2,III/b - Penata Muda Tk. I,Asisten Ahli,,,2023-05-03,S1,Fisioterapi,FIKES
394,L,1970-08-25,RUMPUN ILMU TERAPAN,Aktif,PNS,Dosen Tetap,S3,III/c - Penata,Lektor,Sertifikasi Dosen,2011,2014-12-01,S2,Kesehatan Masyarakat,FIKES
395,P,1976-06-13,RUMPUN ILMU TERAPAN,TUGAS BELAJAR,NON ASN,Dosen Tetap Perjanjian Kerja Waktu Tertentu,S2,,Asisten Ahli,,,2018-08-01,S1,Kedokteran,FK
396,L,1967-10-09,RUMPUN ILMU TERAPAN,Aktif,PNS,Dosen Tetap,S2,III/d - Penata Tk. I,Lektor,Sertifikasi Dosen,2017,2018-08-01,S1,Teknik Perkapalan,FT
397,L,1990-07-17,RUMPUN ILMU TERAPAN,Aktif,PNS,Dosen Tetap,S2,III/b - Penata Muda Tk. I,Asisten Ahli,,,2018-11-01,S1,Teknik Industri,FT
398,P,1989-12-17,RUMPUN ILMU TERAPAN,TUGAS BELAJAR,PNS,Dosen Tetap,S2,III/b - Penata Muda Tk. I,Asisten Ahli,Sertifikasi Dosen,2024,2019-09-01,S1,Teknik Industri,FT
399,P,1969-11-16,RUMPUN ILMU TERAPAN,Aktif,NON ASN,Dosen Tidak Tetap,S3,III/c - Penata,Lektor,,,2024-01-02,S1,Manajemen,FISIP
400,P,1990-08-30,RUMPUN ILMU ALAM,Aktif,CPNS,Dosen Tetap,S2,III/b - Penata Muda Tk. I,Asisten Ahli,,,2023-05-01,S1,Biologi,FIKES
401,L,1988-08-09,RUMPUN ILMU TERAPAN,Aktif,NON ASN,Dosen Tetap Perjanjian Kerja Waktu Tertentu,S2,III/b - Penata Muda Tk. I,Lektor,,,2023-05-03,D3,Fisioterapi,FIKES
402,P,1965-11-27,RUMPUN ILMU TERAPAN,Aktif,PPPK,Dosen Tetap Perjanjian Kerja Waktu Tertentu,S3,III/c - Penata,Lektor,Sertifikasi Dosen,2009,2014-03-01,S2,Sains Biomedis,FIKES
403,P,1970-01-31,RUMPUN ILMU TERAPAN,Aktif,NON ASN,Dosen Tetap Perjanjian Kerja Waktu Tertentu,S3,IV/a - Pembina,Lektor Kepala,Sertifikasi Dosen,2019,2023-08-01,S1,Ilmu Komunikasi,FISIP
404,P,1992-11-17,RUMPUN ILMU TERAPAN,Aktif,CPNS,Dosen Tetap,S2,III/b - Penata Muda Tk. I,Asisten Ahli,,,2024-06-01,D3,Fisioterapi,FIKES
405,P,1991-11-23,,Aktif,CPNS,Dosen Tetap,S2,III/b - Penata Muda Tk. I,,,,,S1,Ekonomi Pembangunan,FEB
406,P,1991-02-27,RUMPUN ILMU SOSIAL,Aktif,CPNS,Dosen Tetap,S2,III/b - Penata Muda Tk. I,Lektor,Sertifikasi Dosen,2021,2022-09-01,S1,Ekonomi Pembangunan,FEB
407,P,1962-01-30,RUMPUN ILMU TERAPAN,Aktif,PNS,Dosen Tetap,S3,IV/e - Pembina Utama,Lektor,,,1997-09-01,S1,Hukum Bisnis,FH
408,P,1969-01-12,RUMPUN ILMU SOSIAL,Aktif,PPPK,Dosen Tetap Perjanjian Kerja Waktu Tertentu,S3,III/c - Penata,Lektor,Sertifikasi Dosen,2015,2009-10-17,S1,Hubungan Internasional,FH
409,L,1982-04-23,,Aktif,TNI,Dosen Tidak Tetap,Sp-1,,,,,,Profesi,Pendidikan Profesi Dokter,FK
410,L,1981-11-15,,Aktif,TNI,Dosen Tidak Tetap,Sp-1,,,,,,Profesi,Pendidikan Profesi Dokter,FK
411,L,1996-02-04,RUMPUN ILMU SOSIAL,Aktif,PNS,Dosen Tetap,S2,III/b - Penata Muda Tk. I,Asisten Ahli,,,2023-08-01,S1,Hubungan Internasional,FH
412,P,1982-05-18,,Aktif,PNS,Dosen Tetap,S2,III/d - Penata Tk. I,Asisten Ahli,,,2023-01-01,S1,Hukum,FH
413,L,1988-10-12,RUMPUN ILMU TERAPAN,TUGAS BELAJAR,PNS,Dosen Tetap,S2,III/d - Penata Tk. I,Lektor,Sertifikasi Dosen,2017,2022-07-01,S1,Hukum,FH
414,P,1989-09-16,,Aktif,NON ASN,Dosen Tidak Tetap,S2,,,,,,S1,Farmasi,FIKES
415,L,1970-10-18,RUMPUN ILMU TERAPAN,Aktif,PNS,Dosen Tetap,S2,III/d - Penata Tk. I,Lektor,Sertifikasi Dosen,2012,2017-11-01,D3,Akuntansi,FEB
416,L,1985-12-11,RUMPUN ILMU TERAPAN,Aktif,PNS,Dosen Tetap,S2,III/b - Penata Muda Tk. I,Asisten Ahli,,,2023-04-01,S1,Ilmu Komunikasi,FISIP
417,P,1989-02-06,RUMPUN ILMU TERAPAN,Aktif,PNS,Dosen Tetap,S2,III/d - Penata Tk. I,Lektor,Sertifikasi Dosen,2021,2021-06-01,S1,Ilmu Komunikasi,FISIP
418,P,1982-07-04,RUMPUN ILMU TERAPAN,Aktif,NON ASN,Dosen Tidak Tetap,S3,III/c - Penata,Lektor,Sertifikasi Dosen,2018,2017-11-01,S2,Manajemen,FISIP
419,P,1990-10-23,RUMPUN ILMU TERAPAN,TUGAS BELAJAR,PNS,Dosen Tetap,S2,III/c - Penata,Lektor,Sertifikasi Dosen,2023,2023-05-03,D3,Fisioterapi,FIKES
420,P,1975-09-27,RUMPUN ILMU SOSIAL,Aktif,PPPK,Dosen Tetap Perjanjian Kerja Waktu Tertentu,S2,III/c - Penata,Lektor,Sertifikasi Dosen,2014,2019-12-01,D3,Akuntansi,FEB
421,P,1984-12-18,RUMPUN ILMU TERAPAN,Aktif,PNS,Dosen Tetap,S2,III/b - Penata Muda Tk. I,Asisten Ahli,,,2010-09-01,Profesi,Pendidikan Profesi Ners,FK
422,P,1984-05-03,,CUTI,NON ASN,Dosen Tidak Tetap,S2,III/b - Penata Muda Tk. I,Lektor,,,2022-08-01,S1,Ilmu Komunikasi,FISIP
423,P,1991-01-15,RUMPUN ILMU TERAPAN,Aktif,NON ASN,Dosen Tetap Perjanjian Kerja Waktu Tertentu,S2,III/b - Penata Muda Tk. I,Lektor,Sertifikasi Dosen,2021,2022-08-31,S1,Gizi,FIKES
424,P,1977-05-13,,TUGAS BELAJAR,PNS,Dosen Tetap,S2,III/c - Penata,Lektor,Sertifikasi Dosen,2016,2020-07-01,D3,Akuntansi,FEB
425,L,1975-04-18,,Aktif,TNI,Dosen Tidak Tetap,Sp-1,,,,,,Profesi,Pendidikan Profesi Dokter,FK
426,P,1982-12-10,RUMPUN ILMU TERAPAN,Aktif,PNS,Dosen Tetap,S2,III/b - Penata Muda Tk. I,Lektor,Sertifikasi Dosen,2020,2021-07-01,Profesi,Pendidikan Profesi Ners,FK
427,L,1987-05-22,,Aktif,NON ASN,Dosen Tidak Tetap,Sp-1,,,,,,Profesi,Pendidikan Profesi Dokter,FK
428,L,1977-03-14,,Aktif,ASN JF Non Dosen,Dosen Tidak Tetap,Sp-1,,,,,,Profesi,Pendidikan Profesi Dokter,FK
429,L,1992-08-04,RUMPUN ILMU SOSIAL,Aktif,PNS,Dosen Tetap,S3,III/c - Penata,Lektor,Sertifikasi Dosen,2020,2020-06-01,S1,Ekonomi Syariah,FEB
430,L,1971-06-07,RUMPUN ILMU TERAPAN,Aktif,NON ASN,Dosen Tetap Perjanjian Kerja Waktu Tertentu,S2,III/b - Penata Muda Tk. I,Lektor,Sertifikasi Dosen,2024,2023-09-01,S1,Teknik Elektro,FT
431,L,1985-08-17,RUMPUN ILMU TERAPAN,Aktif,NON ASN,Dosen Tetap Perjanjian Kerja Waktu Tertentu,S3,,Lektor,,,2022-09-01,S1,Sains Informasi,FISIP
432,P,1977-11-27,,Aktif,NON ASN,Dosen Tidak Tetap,Sp-1,,,,,,Profesi,Pendidikan Profesi Dokter,FK
433,P,1962-07-15,RUMPUN ILMU TERAPAN,Aktif,PNS,Dosen Tetap,S2,IV/a - Pembina,Lektor,Sertifikasi Dosen,2015,2001-01-01,S1,Ilmu Komunikasi,FISIP
434,P,1992-03-31,RUMPUN ILMU FORMAL,TUGAS BELAJAR,PNS,Dosen Tetap,S2,III/c - Penata,Lektor,Sertifikasi Dosen,2020,2022-07-01,D3,Sistem Informasi,FIK
435,L,1980-04-20,RUMPUN ILMU TERAPAN,Aktif,PNS,Dosen Tetap,S3,IV/a - Pembina,Lektor Kepala,Sertifikasi Dosen,2020,2022-06-01,D3,Akuntansi,FEB
436,P,1976-11-12,RUMPUN ILMU TERAPAN,Aktif,PPPK,Dosen Tetap Perjanjian Kerja Waktu Tertentu,S2,III/c - Penata,Lektor,Sertifikasi Dosen,2013,2018-04-01,Profesi,Pendidikan Profesi Ners,FK
437,L,1970-10-19,RUMPUN ILMU FORMAL,Aktif,NON ASN,Dosen Tetap Perjanjian Kerja Waktu Tertentu,S3,III/b - Penata Muda Tk. I,Lektor,Sertifikasi Dosen,2019,2018-07-01,S1,Sistem Informasi,FIK
438,L,1980-08-20,RUMPUN ILMU TERAPAN,TUGAS BELAJAR,NON ASN,Dosen Tetap Perjanjian Kerja Waktu Tertentu,S2,III/c - Penata,Lektor,Sertifikasi Dosen,2014,2017-06-01,S1,Teknik Mesin,FT
439,L,1962-03-04,RUMPUN ILMU TERAPAN,Aktif,NON ASN,Dosen Tetap Perjanjian Kerja Waktu Tertentu,S3,III/c - Penata,Lektor Kepala,Sertifikasi Dosen,2020,2023-10-01,S2,Hukum,FH
440,P,1990-07-08,RUMPUN ILMU TERAPAN,Aktif,NON ASN,Dosen Tetap Perjanjian Kerja Waktu Tertentu,S3,III/d - Penata Tk. I,Lektor,Sertifikasi Dosen,2016,2018-08-01,S1,Kesehatan Masyarakat,FIKES
441,L,1957-09-11,RUMPUN ILMU TERAPAN,Aktif,PNS,Dosen Tetap,S3,IV/e - Pembina Utama,Profesor,Sertifikasi Dosen,2018,2022-08-01,S3,Hukum,FH
442,L,1993-03-06,,Aktif,CPNS,Dosen Tetap,S2,III/b - Penata Muda Tk. I,,,,,S1,Manajemen,FISIP
443,P,1997-08-17,,Aktif,CPNS,Dosen Tetap,S2,III/b - Penata Muda Tk. I,,,,,S1,Akuntansi,FEB
444,L,1989-12-15,,Aktif,CPNS,Dosen Tetap,Sp-1,III/b - Penata Muda Tk. I,,,,,Profesi,Pendidikan Profesi Dokter,FK
445,P,1991-11-02,RUMPUN ILMU TERAPAN,Aktif,CPNS,Dosen Tetap,S2,III/b - Penata Muda Tk. I,,,,,S1,Kesehatan Masyarakat,FIKES
446,P,1997-11-10,RUMPUN ILMU TERAPAN,Aktif,CPNS,Dosen Tetap,S2,III/b - Penata Muda Tk. I,,,,,S1,Akuntansi,FEB
447,P,1992-03-10,RUMPUN ILMU TERAPAN,Aktif,PNS,Dosen Tetap,S2,III/c - Penata,Lektor,Sertifikasi Dosen,2023,2023-05-03,D3,Keperawatan,FIKES
448,P,1985-06-22,,Aktif,NON ASN,Dosen Tidak Tetap,S2,,,,,,Profesi,Pendidikan Profesi Dokter,FK
449,P,1980-03-31,RUMPUN ILMU TERAPAN,Aktif,PNS,Dosen Tetap,S3,IV/b - Pembina Tk. I,Lektor Kepala,Sertifikasi Dosen,2011,2019-10-01,S2,Akuntansi,FEB
450,P,1987-07-27,RUMPUN ILMU TERAPAN,Aktif,PNS,Dosen Tetap,S2,III/b - Penata Muda Tk. I,Lektor,,,2024-11-01,S1,Kedokteran,FK
451,P,1975-10-09,,Aktif,NON ASN,Dosen Tidak Tetap,Sp-2,,,,,,Profesi,Pendidikan Profesi Dokter,FK
452,P,1961-03-16,,Aktif,NON ASN,Dosen Tidak Tetap,Sp-1,,,,,,Profesi,Pendidikan Profesi Dokter,FK
453,L,1989-05-22,,Aktif,NON ASN,Dosen Tetap Perjanjian Kerja Waktu Tertentu,S2,,,,,,S1,Kesehatan Masyarakat,FIKES
454,L,1961-11-14,RUMPUN ILMU TERAPAN,Aktif,PPPK,Dosen Tetap Perjanjian Kerja Waktu Tertentu,S2,III/c - Penata,Lektor,Sertifikasi Dosen,2016,2018-04-01,S1,Teknik Perkapalan,FT
455,P,1968-10-31,RUMPUN ILMU TERAPAN,Aktif,PPPK,Dosen Tetap Perjanjian Kerja Waktu Tertentu,S2,III/c - Penata,Lektor,Sertifikasi Dosen,2012,2011-08-01,S1,Biologi,FIKES
456,P,1968-06-08,RUMPUN ILMU TERAPAN,Aktif,PNS,Dosen Tetap,S3,IV/a - Pembina,Lektor,Sertifikasi Dosen,2020,2020-04-01,S2,Hukum,FH
457,L,1966-03-06,,Aktif,PPPK,Dosen Tetap Perjanjian Kerja Waktu Tertentu,S3,III/d - Penata Tk. I,Lektor,,,2023-06-01,S2,Hukum,FH
458,L,1976-02-06,,Aktif,ASN JF Non Dosen,Dosen Tidak Tetap,Sp-1,,,,,,Profesi,Pendidikan Profesi Dokter,FK
459,P,1974-10-06,,Aktif,ASN JF Non Dosen,Dosen Tidak Tetap,Sp-1,,,,,,Profesi,Pendidikan Profesi Dokter,FK
460,L,1966-06-08,,Aktif,TNI,Dosen Tidak Tetap,Sp-1,,,,,,Profesi,Pendidikan Profesi Dokter,FK
461,L,1966-07-17,,Aktif,NON ASN,Dosen Tidak Tetap,Sp-1,,Lektor,,,2021-03-01,S2,Sains Biomedis,FIKES
462,P,1988-05-14,,Aktif,NON ASN,Dosen Tidak Tetap,Sp-1,,,,,,Profesi,Pendidikan Profesi Dokter,FK
463,P,1966-10-03,RUMPUN ILMU TERAPAN,Aktif,PNS,Dosen Tetap,S3,IV/c - Pembina Utama Muda,Lektor Kepala,Sertifikasi Dosen,2015,2012-10-01,S2,Kesehatan Masyarakat,FIKES
464,P,1983-07-29,,Aktif,NON ASN,Dosen Tidak Tetap,Sp-1,,,,,,Profesi,Pendidikan Profesi Dokter,FK
465,P,1987-11-09,RUMPUN ILMU FORMAL,Aktif,PNS,Dosen Tetap,S2,III/b - Penata Muda Tk. I,Asisten Ahli,Sertifikasi Dosen,2020,2020-02-01,S1,Sistem Informasi,FIK
466,P,1983-01-19,,Aktif,NON ASN,Dosen Tidak Tetap,Sp-1,,,,,,Profesi,Pendidikan Profesi Dokter,FK
467,L,1978-07-07,RUMPUN ILMU FORMAL,Aktif,PNS,Dosen Tetap,S3,III/d - Penata Tk. I,Lektor,,,2023-05-01,S1,Sistem Informasi,FIK
468,L,1966-06-04,,Aktif,TNI,Dosen Tidak Tetap,S2,,,,,,Profesi,Pendidikan Profesi Dokter,FK
469,L,1976-03-03,RUMPUN ILMU TERAPAN,Aktif,TNI,Dosen Tidak Tetap,Sp-1,,,,,,Profesi,Pendidikan Profesi Dokter,FK
470,P,1983-06-16,RUMPUN ILMU TERAPAN,TUGAS BELAJAR,PPPK,Dosen Tetap Perjanjian Kerja Waktu Tertentu,S2,III/c - Penata,Lektor,Sertifikasi Dosen,2016,2018-04-01,S1,Keperawatan,FIKES
471,L,1982-04-21,,Aktif,PNS,Dosen Tetap,Sp-1,III/b - Penata Muda Tk. I,Asisten Ahli,,,1970-01-01,S1,Kedokteran,FK
472,P,1982-04-27,RUMPUN ILMU TERAPAN,Aktif,PNS,Dosen Tetap,S2,III/d - Penata Tk. I,Lektor,Sertifikasi Dosen,2014,2023-06-05,S1,Kedokteran,FK
473,L,1962-04-21,RUMPUN ILMU TERAPAN,Aktif,PNS,Dosen Tetap,S2,IV/a - Pembina,Lektor,Sertifikasi Dosen,2012,2018-08-01,S1,Manajemen,FISIP
474,L,1970-02-07,,Aktif,TNI,Dosen Tidak Tetap,Sp-2,,,,,,Profesi,Pendidikan Profesi Dokter,FK
475,P,1985-09-30,RUMPUN ILMU TERAPAN,Aktif,PNS,Dosen Tetap,Sp-1,III/d - Penata Tk. I,Lektor,Sertifikasi Dosen,2016,2020-08-01,S1,Kedokteran,FK
476,L,1967-01-20,,Aktif,TNI,Dosen Tidak Tetap,S2,,,,,,Profesi,Pendidikan Profesi Dokter,FK
477,P,1970-11-12,,Aktif,PNS,Dosen Tetap,S2,III/c - Penata,Lektor,Sertifikasi Dosen,2011,2018-04-01,S1,Kesehatan Masyarakat,FIKES
478,P,1974-12-24,,Aktif,PPPK,Dosen Tetap Perjanjian Kerja Waktu Tertentu,S2,III/a - Penata Muda,Lektor,Sertifikasi Dosen,2017,2018-04-01,S1,Kedokteran,FK
479,P,1974-09-08,RUMPUN ILMU TERAPAN,Aktif,PPPK,Dosen Tetap Perjanjian Kerja Waktu Tertentu,Sp-1,III/b - Penata Muda Tk. I,Lektor,Sertifikasi Dosen,2024,2022-11-01,S1,Kedokteran,FK
480,P,1975-07-07,RUMPUN ILMU TERAPAN,Aktif,PPPK,Dosen Tetap Perjanjian Kerja Waktu Tertentu,Sp-1,III/b - Penata Muda Tk. I,Lektor,Sertifikasi Dosen,2022,2020-10-01,S1,Kedokteran,FK
481,L,1993-01-01,,TUGAS BELAJAR,PNS,Dosen Tetap,S2,III/c - Penata,Lektor,Sertifikasi Dosen,2021,2022-01-01,S1,Akuntansi,FEB
482,P,1967-01-10,RUMPUN ILMU TERAPAN,Aktif,PNS,Dosen Tetap,S2,IV/b - Pembina Tk. I,Lektor Kepala,Sertifikasi Dosen,0,2015-09-01,S1,Teknik Industri,FT
483,L,1983-08-09,RUMPUN ILMU FORMAL,Aktif,PPPK,Dosen Tetap Perjanjian Kerja Waktu Tertentu,S2,III/c - Penata,Lektor,Sertifikasi Dosen,2017,2018-10-01,S1,Informatika,FIK
484,L,1959-02-17,,Aktif,NON ASN,Pengajar nondosen,S2,,Lektor,,,1970-01-01,S1,Informatika,FIK
485,L,1963-12-19,RUMPUN ILMU TERAPAN,Aktif,NON ASN,Dosen Tetap Perjanjian Kerja Waktu Tertentu,S3,IV/a - Pembina,Lektor Kepala,Sertifikasi Dosen,2020,2023-12-01,S2,Hukum,FH
486,L,1973-06-01,,Aktif,POLRI,Dosen Tidak Tetap,S2,,,,,,Profesi,Pendidikan Profesi Dokter,FK
487,P,1972-05-16,,Aktif,ASN JF Non Dosen,Dosen Tidak Tetap,Sp-2,,,,,,Profesi,Pendidikan Profesi Dokter,FK
488,P,1981-09-10,,Aktif,ASN JF Non Dosen,Dosen Tidak Tetap,Sp-1,,,,,,Profesi,Pendidikan Profesi Dokter,FK
489,L,1983-12-10,RUMPUN ILMU TERAPAN,Aktif,ASN JF Non Dosen,Dosen Tidak Tetap,S2,III/d - Penata Tk. I,,,,,S1,Akuntansi,FEB
490,P,1995-01-10,RUMPUN ILMU TERAPAN,Aktif,NON ASN,Dosen Tetap Perjanjian Kerja Waktu Tertentu,S2,III/b - Penata Muda Tk. I,Asisten Ahli,,,2023-01-01,D3,Fisioterapi,FIKES
491,P,1990-07-23,RUMPUN ILMU TERAPAN,Aktif,PNS,Dosen Tetap,S2,III/c - Penata,Lektor,Sertifikasi Dosen,2023,2023-05-03,D3,Keperawatan,FIKES
492,P,1964-06-30,,Aktif,NON ASN,Dosen Tidak Tetap,Sp-1,,,,,,Profesi,Pendidikan Profesi Dokter,FK
493,P,1993-02-10,RUMPUN ILMU FORMAL,Aktif,PNS,Dosen Tetap,S2,III/c - Penata,Lektor,,,2023-07-03,S1,Sistem Informasi,FIK
494,L,1987-03-27,RUMPUN ILMU TERAPAN,TUGAS BELAJAR,PPPK,Dosen Tetap Perjanjian Kerja Waktu Tertentu,S2,III/b - Penata Muda Tk. I,Lektor,,,2021-03-01,S1,Gizi,FIKES
495,P,1988-02-13,,Aktif,NON ASN,Dosen Tidak Tetap,Sp-1,,,,,,S1,Kedokteran,FK
496,P,1980-07-19,RUMPUN ILMU TERAPAN,Aktif,NON ASN,Dosen Tidak Tetap,Sp-1,,,,,,S1,Kedokteran,FK
497,P,1968-06-27,,Aktif,ASN JF Non Dosen,Dosen Tidak Tetap,Sp-1,,,,,,Profesi,Pendidikan Profesi Dokter,FK
498,L,1981-07-23,,Aktif,NON ASN,Dosen Tidak Tetap,Sp-1,,,,,,Profesi,Pendidikan Profesi Dokter,FK
499,P,1988-12-17,,Aktif,NON ASN,Dosen Tidak Tetap,Sp-1,,,,,,Profesi,Pendidikan Profesi Dokter,FK
500,L,1968-02-03,,Aktif,NON ASN,Dosen Tetap Perjanjian Kerja Waktu Tertentu,S2,,,,,,Sp-1,Radiologi,FK
501,L,1993-11-05,,Aktif,CPNS,Dosen Tetap,S2,III/b - Penata Muda Tk. I,,,,,S1,Hukum,FH
502,P,1988-06-09,RUMPUN ILMU HUMANIORA,Aktif,NON ASN,Dosen Tetap Perjanjian Kerja Waktu Tertentu,S2,III/b - Penata Muda Tk. I,Asisten Ahli,,,2023-04-01,S1,Hubungan Internasional,FH
503,L,1979-06-30,RUMPUN ILMU SOSIAL,Aktif,NON ASN,Dosen Tetap Perjanjian Kerja Waktu Tertentu,S3,III/d - Penata Tk. I,Lektor,,,2022-12-01,S2,Hubungan Internasional,FH
504,P,1984-07-22,RUMPUN ILMU TERAPAN,Aktif,NON ASN,Dosen Tetap Perjanjian Kerja Waktu Tertentu,S2,III/b - Penata Muda Tk. I,Lektor,,,2023-06-05,S1,Farmasi,FIKES
505,P,1992-06-18,,Aktif,CPNS,Dosen Tetap,S2,III/b - Penata Muda Tk. I,,,,,S1,Ekonomi Syariah,FEB
506,P,1993-08-20,,Aktif,CPNS,Dosen Tetap,S2,III/b - Penata Muda Tk. I,Asisten Ahli,,,2023-06-01,S1,Farmasi,FIKES
507,P,1993-10-23,,Aktif,CPNS,Dosen Tetap,S2,III/b - Penata Muda Tk. I,,,,,S1,Ekonomi Syariah,FEB
508,P,1989-06-07,,Aktif,CPNS,Dosen Tetap,S2,III/b - Penata Muda Tk. I,,,,,S1,Hukum,FH
509,P,1989-01-28,RUMPUN ILMU TERAPAN,Aktif,NON ASN,Dosen Tetap Perjanjian Kerja Waktu Tertentu,S2,III/b - Penata Muda Tk. I,Lektor,Sertifikasi Dosen,2019,2022-12-01,S1,Ilmu Komunikasi,FISIP
510,L,1991-10-08,RUMPUN ILMU SOSIAL,Aktif,NON ASN,Dosen Tidak Tetap,S2,,,,,,S1,Hubungan Internasional,FH
511,L,1963-08-29,RUMPUN ILMU TERAPAN,Aktif,PNS,Dosen Tetap,S3,IV/e - Pembina Utama,Lektor,,,2023-07-10,S1,Akuntansi,FEB
512,L,1986-01-27,RUMPUN ILMU TERAPAN,Aktif,CPNS,Dosen Tetap,S3,III/b - Penata Muda Tk. I,Lektor,Sertifikasi Dosen,2023,2022-07-01,S1,Hukum,FH
513,P,1988-01-17,RUMPUN ILMU TERAPAN,Aktif,PNS,Dosen Tetap,S2,III/b - Penata Muda Tk. I,Asisten Ahli,Sertifikasi Dosen,2024,2021-04-01,S1,Akuntansi,FEB
514,P,1993-05-07,RUMPUN ILMU TERAPAN,TUGAS BELAJAR,NON ASN,Dosen Tidak Tetap,S2,III/b - Penata Muda Tk. I,Asisten Ahli,,,2019-03-01,S1,Hukum,FH
515,P,1992-08-30,RUMPUN ILMU TERAPAN,Aktif,PNS,Dosen Tetap,S2,III/b - Penata Muda Tk. I,Asisten Ahli,,,2022-10-01,S1,Hukum,FH
516,L,1978-05-11,RUMPUN ILMU FORMAL,Aktif,ASN JF Non Dosen,Dosen Tidak Tetap,S3,,Lektor,,,2023-07-03,S1,Sistem Informasi,FIK
517,L,1992-10-18,RUMPUN ILMU TERAPAN,Aktif,PNS,Dosen Tetap,S2,III/b - Penata Muda Tk. I,Asisten Ahli,,,2023-08-01,S1,"Kajian Film, Televisi, dan Media",FISIP
518,L,1982-01-13,RUMPUN ILMU TERAPAN,Aktif,PNS,Dosen Tetap,S2,IV/a - Pembina,Lektor Kepala,Sertifikasi Dosen,2020,2023-08-01,D3,Akuntansi,FEB
519,L,1991-01-03,RUMPUN ILMU SOSIAL,Aktif,PNS,Dosen Tetap,S2,III/b - Penata Muda Tk. I,Asisten Ahli,,,2023-07-03,S1,Ekonomi Syariah,FEB
520,P,1987-03-11,RUMPUN ILMU TERAPAN,Aktif,NON ASN,Dosen Tetap Perjanjian Kerja Waktu Tertentu,S2,III/b - Penata Muda Tk. I,Asisten Ahli,Sertifikasi Dosen,2019,2017-11-01,S1,Ilmu Komunikasi,FISIP
521,L,1966-02-14,RUMPUN ILMU TERAPAN,Aktif,PNS,Dosen Tetap,S2,III/d - Penata Tk. I,Lektor,Sertifikasi Dosen,2012,2017-04-01,D3,Perbankan dan Keuangan,FEB
522,P,1986-12-10,RUMPUN ILMU SOSIAL,Aktif,NON ASN,Dosen Tetap Perjanjian Kerja Waktu Tertentu,S2,III/b - Penata Muda Tk. I,Lektor,Sertifikasi Dosen,2017,2020-03-01,D3,Akuntansi,FEB
523,P,1988-06-24,RUMPUN ILMU TERAPAN,Aktif,NON ASN,Dosen Tetap Perjanjian Kerja Waktu Tertentu,S2,III/b - Penata Muda Tk. I,Lektor,Sertifikasi Dosen,2022,2023-07-03,S1,Ilmu Komunikasi,FISIP
524,L,1989-01-02,RUMPUN ILMU SOSIAL,Aktif,NON ASN,Dosen Tetap Perjanjian Kerja Waktu Tertentu,S2,III/c - Penata,Lektor,Sertifikasi Dosen,2024,2020-09-01,S1,Hubungan Internasional,FH
525,P,1984-12-05,,Aktif,NON ASN,Dosen Tetap Perjanjian Kerja Waktu Tertentu,S2,III/b - Penata Muda Tk. I,Lektor,Sertifikasi Dosen,2017,2020-07-01,S1,Hukum,FH
526,L,1980-01-30,RUMPUN ILMU TERAPAN,Aktif,NON ASN,Dosen Tetap Perjanjian Kerja Waktu Tertentu,S2,III/c - Penata,Lektor,Sertifikasi Dosen,2015,2020-05-01,S1,Hukum,FH
527,P,1992-07-19,RUMPUN ILMU SOSIAL,Aktif,NON ASN,Dosen Tetap Perjanjian Kerja Waktu Tertentu,S2,,Asisten Ahli,,,2022-03-01,S1,Hubungan Internasional,FH
528,P,1998-03-30,RUMPUN ILMU TERAPAN,Aktif,NON ASN,Dosen Tidak Tetap,S2,,,,,,S1,Farmasi,FIKES
529,P,1965-02-05,RUMPUN ILMU TERAPAN,Aktif,PPPK,Dosen Tetap Perjanjian Kerja Waktu Tertentu,S2,III/a - Penata Muda,Asisten Ahli,Sertifikasi Dosen,2018,2010-09-01,Profesi,Pendidikan Profesi Ners,FK
530,L,1976-04-23,RUMPUN ILMU TERAPAN,Aktif,PPPK,Dosen Tetap Perjanjian Kerja Waktu Tertentu,S2,III/b - Penata Muda Tk. I,Asisten Ahli,Sertifikasi Dosen,2021,2018-04-01,D3,Fisioterapi,FIKES
531,L,1989-10-19,RUMPUN ILMU TERAPAN,TUGAS BELAJAR,NON ASN,Dosen Tetap Perjanjian Kerja Waktu Tertentu,S2,III/b - Penata Muda Tk. I,Lektor,Sertifikasi Dosen,2021,2020-06-01,S1,Hukum,FH
532,P,1994-11-16,RUMPUN ILMU TERAPAN,Aktif,PNS,Dosen Tetap,S2,III/b - Penata Muda Tk. I,Asisten Ahli,,,2023-07-03,S1,Ilmu Komunikasi,FISIP
533,P,1972-10-26,RUMPUN ILMU TERAPAN,Aktif,PPPK,Dosen Tetap Perjanjian Kerja Waktu Tertentu,S2,III/c - Penata,Lektor,Sertifikasi Dosen,2012,2022-12-01,S1,Hukum,FH
534,P,1977-01-02,RUMPUN ILMU TERAPAN,Aktif,NON ASN,Dosen Tetap Perjanjian Kerja Waktu Tertentu,S2,III/b - Penata Muda Tk. I,Lektor,,,2020-03-01,S1,Gizi,FIKES
535,L,1983-05-11,RUMPUN ILMU SOSIAL,Aktif,NON ASN,Dosen Tetap Perjanjian Kerja Waktu Tertentu,S2,,,,,,S1,Hubungan Internasional,FH
536,L,1990-12-17,RUMPUN ILMU TERAPAN,Aktif,PNS,Dosen Tetap,S2,III/b - Penata Muda Tk. I,Asisten Ahli,,,2019-11-01,S1,Kesehatan Masyarakat,FIKES
537,P,1985-08-19,RUMPUN ILMU TERAPAN,Aktif,CPNS,Dosen Tetap,S3,III/d - Penata Tk. I,Lektor Kepala,Sertifikasi Dosen,2015,2023-05-01,S1,Kesehatan Masyarakat,FIKES
538,L,1985-08-22,RUMPUN ILMU TERAPAN,Aktif,PNS,Dosen Tetap,S2,III/b - Penata Muda Tk. I,Lektor,Sertifikasi Dosen,2024,2025-01-01,S1,Akuntansi,FEB
539,P,1995-10-04,,Aktif,CPNS,Dosen Tetap,S2,III/b - Penata Muda Tk. I,,,,,S1,Manajemen,FISIP
540,P,1986-11-23,RUMPUN ILMU TERAPAN,Aktif,NON ASN,Dosen Tetap Perjanjian Kerja Waktu Tertentu,S2,III/b - Penata Muda Tk. I,Asisten Ahli,,,2022-08-01,S1,Manajemen,FISIP
541,L,1991-02-05,,Aktif,CPNS,Dosen Tetap,S2,III/b - Penata Muda Tk. I,,,,,S1,Manajemen,FISIP
542,L,1990-05-07,RUMPUN ILMU TERAPAN,Aktif,CPNS,Dosen Tetap,S2,III/b - Penata Muda Tk. I,,,,,D3,Keperawatan,FIKES
543,P,1975-03-08,,Aktif,NON ASN,Dosen Tetap Perjanjian Kerja Waktu Tertentu,S2,III/b - Penata Muda Tk. I,Lektor,Sertifikasi Dosen,2019,2020-09-01,S1,Kedokteran,FK
544,P,1994-08-14,RUMPUN ILMU TERAPAN,Aktif,CPNS,Dosen Tetap,S2,III/b - Penata Muda Tk. I,,,,,S1,Keperawatan,FIKES
545,P,1990-03-29,RUMPUN ILMU TERAPAN,Aktif,NON ASN,Dosen Tetap Perjanjian Kerja Waktu Tertentu,S2,III/b - Penata Muda Tk. I,Lektor,Sertifikasi Dosen,2023,2022-10-01,D3,Keperawatan,FIKES
546,L,1991-11-03,RUMPUN ILMU FORMAL,Aktif,NON ASN,Dosen Tetap Perjanjian Kerja Waktu Tertentu,S2,III/b - Penata Muda Tk. I,Asisten Ahli,,,2022-07-01,S1,Sains Data,FIK
547,P,1984-09-06,RUMPUN ILMU TERAPAN,Aktif,PPPK,Dosen Tetap Perjanjian Kerja Waktu Tertentu,S2,III/c - Penata,Lektor,Sertifikasi Dosen,2017,2018-04-01,D3,Keperawatan,FIKES
548,L,1987-06-26,RUMPUN ILMU TERAPAN,Aktif,NON ASN,Dosen Tetap Perjanjian Kerja Waktu Tertentu,S3,,Lektor,,,2022-10-01,S1,Teknik Elektro,FT
549,L,1984-06-28,,Aktif,PNS,Dosen Tetap,S2,III/b - Penata Muda Tk. I,Asisten Ahli,,,2022-10-01,S1,Teknik Elektro,FT
550,L,1989-01-29,RUMPUN ILMU FORMAL,Aktif,PNS,Dosen Tetap,S2,III/b - Penata Muda Tk. I,Asisten Ahli,,,2024-05-01,S1,Informatika,FIK
551,P,1958-12-22,,Aktif,POLRI,Dosen Tidak Tetap,Sp-1,,,,,,Profesi,Pendidikan Profesi Dokter,FK
552,L,1981-06-11,RUMPUN ILMU TERAPAN,Aktif,PPPK,Dosen Tetap Perjanjian Kerja Waktu Tertentu,S2,III/b - Penata Muda Tk. I,Asisten Ahli,,,2021-06-01,S1,Teknik Mesin,FT
553,L,1994-01-20,RUMPUN ILMU TERAPAN,Aktif,NON ASN,Dosen Tidak Tetap,S2,,Asisten Ahli,,,2023-05-03,S1,Sains Informasi,FISIP
554,P,1984-12-10,,Aktif,NON ASN,Pengajar nondosen,Sp-1,,,,,,S1,Kedokteran,FK
555,L,1967-03-10,,Aktif,TNI,Dosen Tidak Tetap,S2,,,,,,Profesi,Pendidikan Profesi Dokter,FK
556,P,1976-04-10,RUMPUN ILMU TERAPAN,Aktif,PPPK,Dosen Tetap Perjanjian Kerja Waktu Tertentu,S3,III/c - Penata,Lektor,Sertifikasi Dosen,2013,2015-01-01,S2,Kesehatan Masyarakat,FIKES
557,P,1965-01-01,RUMPUN ILMU TERAPAN,Aktif,PNS,Dosen Tetap,S3,IV/e - Pembina Utama,Profesor,,,1990-10-01,S1,Gizi,FIKES
558,P,1993-03-15,RUMPUN ILMU FORMAL,Aktif,NON ASN,Dosen Tetap Perjanjian Kerja Waktu Tertentu,S2,III/b - Penata Muda Tk. I,Lektor,Sertifikasi Dosen,2020,2023-05-03,S1,Sistem Informasi,FIK
559,P,1992-01-27,RUMPUN ILMU TERAPAN,TUGAS BELAJAR,NON ASN,Dosen Tetap Perjanjian Kerja Waktu Tertentu,S2,III/c - Penata,Lektor,Sertifikasi Dosen,2020,2020-08-01,S1,Kesehatan Masyarakat,FIKES
560,P,1975-07-05,RUMPUN ILMU TERAPAN,Aktif,ASN JF Non Dosen,Dosen Tidak Tetap,Sp-1,,,,,,Profesi,Pendidikan Profesi Dokter,FK
561,L,1953-08-25,,Aktif,NON ASN,Pengajar nondosen,Sp-1,,Lektor Kepala,,,2009-04-24,Profesi,Pendidikan Profesi Dokter,FK
562,P,1975-04-27,,Aktif,NON ASN,Dosen Tidak Tetap,S3,,,,,,S1,Akuntansi,FEB
563,P,1980-10-18,RUMPUN ILMU TERAPAN,Aktif,NON ASN,Dosen Tidak Tetap,S3,,,,,,S1,Gizi,FIKES
564,P,1989-01-26,RUMPUN ILMU TERAPAN,Aktif,PNS,Dosen Tetap,S2,III/c - Penata,Lektor,,,2024-11-01,S1,Keperawatan,FIKES
565,L,1962-05-30,RUMPUN ILMU FORMAL,Aktif,PNS,Dosen Tetap,S2,III/d - Penata Tk. I,Lektor,Sertifikasi Dosen,2016,2000-12-01,S1,Sistem Informasi,FIK
566,P,1965-05-22,,Aktif,POLRI,Dosen Tidak Tetap,Sp-1,,,,,,Profesi,Pendidikan Profesi Dokter,FK
567,L,1973-09-27,,Aktif,NON ASN,Dosen Tidak Tetap,Sp-1,,,,,,Profesi,Pendidikan Profesi Dokter,FK
568,L,1965-12-13,,Aktif,TNI,Dosen Tidak Tetap,Sp-1,,,,,,Profesi,Pendidikan Profesi Dokter,FK
569,P,1974-08-25,,Aktif,ASN JF Non Dosen,Dosen Tidak Tetap,Sp-1,,,,,,Profesi,Pendidikan Profesi Dokter,FK
570,L,1968-06-02,RUMPUN ILMU TERAPAN,Aktif,PNS,Dosen Tetap,S3,IV/d - Pembina Utama Madya,Profesor,Sertifikasi Dosen,2008,2024-12-01,S2,Ilmu Komunikasi,FISIP
571,P,1985-12-21,RUMPUN ILMU TERAPAN,TUGAS BELAJAR,PPPK,Dosen Tetap Perjanjian Kerja Waktu Tertentu,S2,III/b - Penata Muda Tk. I,Lektor,Sertifikasi Dosen,2018,2020-03-01,S1,Gizi,FIKES
572,P,1985-09-12,RUMPUN ILMU SOSIAL,Aktif,NON ASN,Dosen Tidak Tetap,S2,,Asisten Ahli,,,2023-04-01,S1,Ilmu Politik,FISIP
573,P,1985-04-27,RUMPUN ILMU TERAPAN,Aktif,NON ASN,Dosen Tidak Tetap,S2,,,,,,S1,Kedokteran,FK
574,P,1973-02-19,,Aktif,ASN JF Non Dosen,Dosen Tidak Tetap,S3,,,,,,Profesi,Pendidikan Profesi Dokter,FK
575,P,1986-12-16,,Aktif,ASN JF Non Dosen,Dosen Tidak Tetap,Sp-1,,,,,,Profesi,Pendidikan Profesi Dokter,FK
576,P,1982-03-16,,Aktif,NON ASN,Dosen Tidak Tetap,Sp-1,,,,,,Profesi,Pendidikan Profesi Dokter,FK
577,L,1986-12-04,RUMPUN ILMU TERAPAN,Aktif,PNS,Dosen Tetap,S2,III/c - Penata,Lektor,Sertifikasi Dosen,2017,2018-10-01,S1,Informatika,FIK
578,L,1973-01-11,,Aktif,TNI,Dosen Tidak Tetap,Sp-1,,,,,,Profesi,Pendidikan Profesi Dokter,FK
579,L,1964-10-24,,Aktif,TNI,Dosen Tidak Tetap,Sp-1,,,,,,Profesi,Pendidikan Profesi Dokter,FK
580,P,1964-05-24,,Aktif,NON ASN,Dosen Tidak Tetap,Sp-1,,,,,,Profesi,Pendidikan Profesi Dokter,FK
581,P,1962-12-11,RUMPUN ILMU TERAPAN,Aktif,PPPK,Dosen Tetap Perjanjian Kerja Waktu Tertentu,S2,III/c - Penata,Lektor,Sertifikasi Dosen,2018,2021-05-01,S1,Manajemen,FISIP
582,L,1964-05-17,,Aktif,TNI,Dosen Tidak Tetap,Sp-1,,,,,,Profesi,Pendidikan Profesi Dokter,FK
583,P,1960-08-15,,Aktif,NON ASN,Dosen Tidak Tetap,Sp-1,,,,,,Profesi,Pendidikan Profesi Dokter,FK
584,L,1968-05-09,,Aktif,TNI,Dosen Tidak Tetap,Sp-1,,,,,,Profesi,Pendidikan Profesi Dokter,FK
585,P,1988-01-09,RUMPUN ILMU TERAPAN,Aktif,PNS,Dosen Tetap,S3,III/d - Penata Tk. I,Lektor,Sertifikasi Dosen,2019,2023-05-03,S2,Kesehatan Masyarakat,FIKES
586,L,1986-01-26,,Aktif,NON ASN,Dosen Tidak Tetap,Sp-1,,,,,,Profesi,Pendidikan Profesi Dokter,FK
587,P,1982-12-27,RUMPUN ILMU TERAPAN,Aktif,NON ASN,Dosen Tidak Tetap,S2,III/b - Penata Muda Tk. I,Lektor,,,2023-07-03,S1,Kedokteran,FK
588,L,1987-02-12,RUMPUN ILMU SOSIAL,Aktif,PNS,Dosen Tetap,S2,III/d - Penata Tk. I,Lektor,Sertifikasi Dosen,2021,2021-09-01,S1,Ilmu Politik,FISIP
589,P,1974-07-30,RUMPUN ILMU TERAPAN,Aktif,NON ASN,Dosen Tetap Perjanjian Kerja Waktu Tertentu,S2,III/c - Penata,Lektor,Sertifikasi Dosen,2016,2017-11-01,S1,Kedokteran,FK
590,L,1960-12-19,,Aktif,NON ASN,Dosen Tidak Tetap,Sp-2,,,,,,Profesi,Pendidikan Profesi Dokter,FK
591,P,1974-07-19,,Aktif,ASN JF Non Dosen,Dosen Tidak Tetap,Sp-1,,,,,,Profesi,Pendidikan Profesi Dokter,FK
592,P,1966-05-04,RUMPUN ILMU TERAPAN,Aktif,NON ASN,Dosen Tetap Perjanjian Kerja Waktu Tertentu,S3,III/d - Penata Tk. I,Lektor Kepala,Sertifikasi Dosen,2011,2020-08-01,S2,Sains Biomedis,FIKES
593,P,1991-01-04,RUMPUN ILMU SOSIAL,Aktif,NON ASN,Dosen Tetap Perjanjian Kerja Waktu Tertentu,S2,III/c - Penata,Lektor,Sertifikasi Dosen,2021,2021-07-01,S1,Manajemen,FISIP
594,L,1990-08-09,RUMPUN ILMU TERAPAN,Aktif,PNS,Dosen Tetap,S2,III/c - Penata,Lektor,Sertifikasi Dosen,2023,2023-06-05,S1,Akuntansi,FEB
595,P,1976-09-26,RUMPUN ILMU TERAPAN,Aktif,PPPK,Dosen Tetap Perjanjian Kerja Waktu Tertentu,S2,III/c - Penata,Lektor,Sertifikasi Dosen,2018,2023-06-05,S1,Kedokteran,FK
596,P,1974-04-30,RUMPUN ILMU TERAPAN,Aktif,NON ASN,Dosen Tidak Tetap,S3,,Lektor,,,2022-06-01,S1,Kedokteran,FK
597,L,1983-11-06,,Aktif,TNI,Dosen Tidak Tetap,Sp-1,,,,,,Profesi,Pendidikan Profesi Dokter,FK
598,L,1982-09-01,RUMPUN ILMU TERAPAN,Aktif,NON ASN,Dosen Tetap Perjanjian Kerja Waktu Tertentu,S2,III/c - Penata,Lektor,Sertifikasi Dosen,2022,2024-03-01,S1,Ilmu Komunikasi,FISIP
599,L,1975-04-27,RUMPUN ILMU TERAPAN,Aktif,PPPK,Dosen Tetap Perjanjian Kerja Waktu Tertentu,S2,III/b - Penata Muda Tk. I,Lektor,Sertifikasi Dosen,2017,2020-06-01,S1,Akuntansi,FEB
600,L,1982-08-09,RUMPUN ILMU TERAPAN,Aktif,NON ASN,Dosen Tetap Perjanjian Kerja Waktu Tertentu,S3,III/b - Penata Muda Tk. I,Lektor,Sertifikasi Dosen,2022,2019-11-01,S1,Ilmu Komunikasi,FISIP
601,P,1973-04-14,,Aktif,NON ASN,Dosen Tetap Perjanjian Kerja Waktu Tertentu,Sp-1,,,,,,Sp-1,Radiologi,FK
602,P,1992-04-30,RUMPUN ILMU TERAPAN,Aktif,CPNS,Dosen Tetap,S2,III/b - Penata Muda Tk. I,,,,,D3,Fisioterapi,FIKES
603,L,1993-04-01,,Aktif,CPNS,Dosen Tetap,S2,III/b - Penata Muda Tk. I,,,,,D3,Sistem Informasi,FIK
604,L,1991-11-10,,Aktif,CPNS,Dosen Tetap,S2,III/b - Penata Muda Tk. I,,,,,D3,Akuntansi,FEB
605,P,1994-09-23,RUMPUN ILMU TERAPAN,Aktif,CPNS,Dosen Tetap,S2,III/b - Penata Muda Tk. I,Asisten Ahli,,,2022-07-01,D3,Akuntansi,FEB
606,P,1991-05-03,,Aktif,CPNS,Dosen Tetap,S2,III/b - Penata Muda Tk. I,,,,,Profesi,Pendidikan Profesi Ners,FK
607,L,1993-03-23,RUMPUN ILMU TERAPAN,Aktif,PNS,Dosen Tetap,S2,III/b - Penata Muda Tk. I,Asisten Ahli,,,2023-07-03,S1,Hukum,FH
608,L,1975-05-26,RUMPUN ILMU TERAPAN,Aktif,PPPK,Dosen Tetap Perjanjian Kerja Waktu Tertentu,S2,III/c - Penata,Asisten Ahli,,,2018-10-01,D3,Sistem Informasi,FIK
609,L,1989-10-24,,TUGAS BELAJAR,PNS,Dosen Tetap,S2,III/c - Penata,Lektor,Sertifikasi Dosen,2023,2023-05-01,S1,Ilmu Komunikasi,FISIP
610,L,1972-01-27,RUMPUN ILMU TERAPAN,Aktif,PPPK,Dosen Tetap Perjanjian Kerja Waktu Tertentu,S2,III/c - Penata,Lektor,Sertifikasi Dosen,2019,2018-10-01,S1,Hukum,FH
611,L,1963-06-25,RUMPUN ILMU TERAPAN,Aktif,PNS,Dosen Tetap,S2,IV/c - Pembina Utama Muda,Lektor Kepala,Sertifikasi Dosen,2008,2007-04-01,S1,Hukum,FH
612,L,1981-11-24,RUMPUN ILMU SOSIAL,Aktif,NON ASN,Dosen Tetap Perjanjian Kerja Waktu Tertentu,S2,III/b - Penata Muda Tk. I,Asisten Ahli,,,2022-07-01,S1,Ekonomi Pembangunan,FEB
613,L,1987-07-26,RUMPUN ILMU TERAPAN,Aktif,PNS,Dosen Tetap,S2,III/b - Penata Muda Tk. I,Asisten Ahli,,,2023-08-01,S1,"Kajian Film, Televisi, dan Media",FISIP
614,P,1993-06-17,RUMPUN ILMU TERAPAN,Aktif,PNS,Dosen Tetap,S2,III/b - Penata Muda Tk. I,Asisten Ahli,,,2022-08-01,S1,"Kajian Film, Televisi, dan Media",FISIP
615,L,1964-12-06,,Aktif,PNS,Dosen Tetap,S2,IV/a - Pembina,Lektor,Sertifikasi Dosen,2015,2001-01-01,D3,Perbankan dan Keuangan,FEB
616,P,1975-12-26,RUMPUN ILMU SOSIAL,Aktif,NON ASN,Dosen Tetap Perjanjian Kerja Waktu Tertentu,S3,III/c - Penata,Lektor,Sertifikasi Dosen,2024,2020-02-01,S2,Ilmu Politik,FISIP
617,L,1990-12-14,RUMPUN ILMU SOSIAL,Aktif,PNS,Dosen Tetap,S3,III/c - Penata,Lektor,Sertifikasi Dosen,2018,2019-07-01,S2,Ilmu Politik,FISIP
618,P,1970-07-14,RUMPUN ILMU SOSIAL,Aktif,PPPK,Dosen Tetap Perjanjian Kerja Waktu Tertentu,S2,III/b - Penata Muda Tk. I,Lektor,,,2021-05-01,S1,Ilmu Komunikasi,FISIP
619,L,1965-10-02,,Aktif,TNI,Dosen Tidak Tetap,Sp-1,,,,,,Profesi,Pendidikan Profesi Dokter,FK
620,P,1962-09-02,RUMPUN ILMU TERAPAN,Aktif,PNS,Dosen Tetap,S2,IV/b - Pembina Tk. I,Lektor Kepala,,,2005-07-01,D3,Sistem Informasi,FIK
621,L,1992-07-08,RUMPUN ILMU TERAPAN,Aktif,PNS,Dosen Tetap,S2,III/c - Penata,Lektor,Sertifikasi Dosen,2024,2023-05-01,S1,Hukum,FH
622,L,1961-08-07,RUMPUN ILMU TERAPAN,Aktif,PNS,Dosen Tetap,S2,IV/b - Pembina Tk. I,Lektor,,,2023-05-03,S1,Hukum,FH
623,L,1989-04-03,RUMPUN ILMU TERAPAN,TUGAS BELAJAR,PNS,Dosen Tetap,S2,III/b - Penata Muda Tk. I,Asisten Ahli,,,2018-04-01,D3,Fisioterapi,FIKES
624,L,1980-04-05,RUMPUN ILMU SOSIAL,Aktif,PPPK,Dosen Tetap Perjanjian Kerja Waktu Tertentu,S3,III/b - Penata Muda Tk. I,Asisten Ahli,Sertifikasi Dosen,2024,2011-08-01,S2,Hubungan Internasional,FH
625,P,1961-03-18,RUMPUN ILMU TERAPAN,Aktif,PNS,Dosen Tetap,S2,IV/a - Pembina,Lektor,Sertifikasi Dosen,2011,2001-01-01,S1,Ekonomi Syariah,FEB
626,P,1988-01-19,RUMPUN ILMU TERAPAN,Aktif,NON ASN,Dosen Tetap Perjanjian Kerja Waktu Tertentu,S2,III/b - Penata Muda Tk. I,Lektor,Sertifikasi Dosen,2021,2020-09-01,S1,Ilmu Komunikasi,FISIP
627,P,1965-11-08,RUMPUN ILMU TERAPAN,Aktif,PPPK,Dosen Tetap Perjanjian Kerja Waktu Tertentu,S2,IV/a - Pembina,Lektor,Sertifikasi Dosen,2011,2000-01-01,D3,Perbankan dan Keuangan,FEB
628,P,1989-01-04,RUMPUN ILMU TERAPAN,Aktif,PNS,Dosen Tetap,S2,III/b - Penata Muda Tk. I,Asisten Ahli,,,2023-08-01,S1,"Kajian Film, Televisi, dan Media",FISIP
629,L,1974-05-01,RUMPUN ILMU TERAPAN,Aktif,PNS,Dosen Tetap,S3,IV/a - Pembina,Lektor Kepala,Sertifikasi Dosen,2011,2014-12-01,S1,Ilmu Komunikasi,FISIP
630,P,1965-07-08,RUMPUN ILMU TERAPAN,Aktif,PPPK,Dosen Tetap Perjanjian Kerja Waktu Tertentu,S2,III/c - Penata,Lektor,Sertifikasi Dosen,2012,2016-08-01,S1,Hukum,FH
631,L,1991-10-13,RUMPUN ILMU TERAPAN,Aktif,CPNS,Dosen Tetap,S2,III/c - Penata,Lektor,Sertifikasi Dosen,2020,2023-08-01,S1,Hukum,FH
632,P,1992-07-19,RUMPUN ILMU HUMANIORA,Aktif,PNS,Dosen Tetap,S2,III/b - Penata Muda Tk. I,Asisten Ahli,,,2023-07-03,S1,Hukum,FH
633,L,1963-11-05,RUMPUN ILMU TERAPAN,Aktif,PNS,Dosen Tetap,S2,III/d - Penata Tk. I,Lektor,Sertifikasi Dosen,2018,2020-07-01,S1,Hukum,FH
634,P,1975-05-31,RUMPUN ILMU TERAPAN,Aktif,NON ASN,Dosen Tetap Perjanjian Kerja Waktu Tertentu,S2,,Lektor,,,2022-11-01,S1,Kedokteran,FK
635,P,1982-05-02,RUMPUN ILMU TERAPAN,Aktif,NON ASN,Dosen Tetap Perjanjian Kerja Waktu Tertentu,S2,III/b - Penata Muda Tk. I,Lektor,Sertifikasi Dosen,2024,2023-07-03,S1,Teknik Elektro,FT
636,P,1998-09-09,,Aktif,CPNS,Dosen Tetap,S2,III/b - Penata Muda Tk. I,,,,,S1,Sistem Informasi,FIK
637,P,1993-09-22,RUMPUN ILMU TERAPAN,Aktif,CPNS,Dosen Tetap,S2,III/b - Penata Muda Tk. I,,,,,S1,Kesehatan Masyarakat,FIKES
638,P,1992-05-03,RUMPUN ILMU TERAPAN,Aktif,CPNS,Dosen Tetap,S2,III/b - Penata Muda Tk. I,Asisten Ahli,,,2022-08-01,S1,Akuntansi,FEB
639,L,1983-07-17,RUMPUN ILMU TERAPAN,Aktif,PPPK,Dosen Tetap Perjanjian Kerja Waktu Tertentu,S2,III/b - Penata Muda Tk. I,Lektor,,,2023-12-01,S1,Kesehatan Masyarakat,FIKES
640,P,1992-04-10,RUMPUN ILMU FORMAL,Aktif,CPNS,Dosen Tetap,S2,III/b - Penata Muda Tk. I,Asisten Ahli,,,2021-06-01,S1,Informatika,FIK
641,P,1992-11-20,RUMPUN ILMU TERAPAN,Aktif,CPNS,Dosen Tetap,S2,III/b - Penata Muda Tk. I,Lektor,Sertifikasi Dosen,2022,2022-11-01,S1,Teknik Elektro,FT
642,P,1994-11-22,RUMPUN ILMU TERAPAN,Aktif,CPNS,Dosen Tetap,S2,III/b - Penata Muda Tk. I,,,,,S1,Teknik Industri,FT
643,P,1993-08-26,RUMPUN ILMU TERAPAN,Aktif,CPNS,Dosen Tetap,S2,III/b - Penata Muda Tk. I,,,,,Profesi,Pendidikan Profesi Dokter,FK
644,P,1992-01-01,RUMPUN ILMU TERAPAN,Aktif,PNS,Dosen Tetap,S2,III/b - Penata Muda Tk. I,Asisten Ahli,,,2023-05-03,S1,Keperawatan,FIKES
645,P,1998-02-11,,Aktif,CPNS,Dosen Tetap,S2,III/b - Penata Muda Tk. I,,,,,S1,Teknik Industri,FT
646,L,1993-12-17,,Aktif,CPNS,Dosen Tetap,S2,III/b - Penata Muda Tk. I,,,,,S1,Teknik Mesin,FT
647,P,1990-09-12,,Aktif,CPNS,Dosen Tetap,S2,III/b - Penata Muda Tk. I,,,,,S1,Teknik Elektro,FT
648,P,1989-09-19,,Aktif,CPNS,Dosen Tetap,S2,III/b - Penata Muda Tk. I,,,,,S1,Teknik Industri,FT
649,P,1992-06-17,RUMPUN ILMU TERAPAN,Aktif,PNS,Dosen Tetap,S2,III/b - Penata Muda Tk. I,Asisten Ahli,,,2023-07-03,S1,Sains Data,FIK
650,P,1974-06-10,RUMPUN ILMU TERAPAN,Aktif,PPPK,Dosen Tetap Perjanjian Kerja Waktu Tertentu,S3,III/c - Penata,Lektor,Sertifikasi Dosen,2015,2018-04-01,S1,Fisioterapi,FIKES
651,P,1980-06-08,RUMPUN ILMU TERAPAN,Aktif,PPPK,Dosen Tetap Perjanjian Kerja Waktu Tertentu,S3,III/b - Penata Muda Tk. I,Asisten Ahli,Sertifikasi Dosen,2016,2013-04-01,S1,Kedokteran,FK
652,L,1966-03-19,,Aktif,TNI,Dosen Tidak Tetap,Sp-1,,,,,,Profesi,Pendidikan Profesi Dokter,FK
653,L,1963-05-01,RUMPUN ILMU TERAPAN,Aktif,NON ASN,Dosen Tetap Perjanjian Kerja Waktu Tertentu,S3,III/c - Penata,Lektor,,,2016-08-01,S2,Sains Biomedis,FIKES
654,P,1979-12-06,RUMPUN ILMU TERAPAN,Aktif,PPPK,Dosen Tetap Perjanjian Kerja Waktu Tertentu,S3,III/b - Penata Muda Tk. I,Asisten Ahli,Sertifikasi Dosen,2017,2016-01-01,S1,Manajemen,FISIP
655,L,1981-03-12,,Aktif,TNI,Dosen Tidak Tetap,Sp-1,,,,,,Profesi,Pendidikan Profesi Dokter,FK
656,L,1974-03-02,RUMPUN ILMU FORMAL,Aktif,PPPK,Dosen Tetap Perjanjian Kerja Waktu Tertentu,S2,III/b - Penata Muda Tk. I,Asisten Ahli,Sertifikasi Dosen,2018,2014-01-01,S1,Sistem Informasi,FIK
657,P,1961-07-10,RUMPUN ILMU TERAPAN,Aktif,PNS,Dosen Tetap,S2,IV/a - Pembina,Lektor,Sertifikasi Dosen,2012,1998-11-01,S1,Manajemen,FISIP
658,L,1986-11-12,RUMPUN ILMU TERAPAN,Aktif,NON ASN,Dosen Tidak Tetap,S2,,,,,,S1,Sains Informasi,FISIP
659,L,1967-07-21,,Aktif,TNI,Dosen Tidak Tetap,Sp-1,,,,,,Profesi,Pendidikan Profesi Dokter,FK
660,L,1962-05-23,,Aktif,NON ASN,Dosen Tidak Tetap,Sp-1,,,,,,Profesi,Pendidikan Profesi Dokter,FK
661,L,1993-06-15,RUMPUN ILMU FORMAL,Aktif,PNS,Dosen Tetap,S2,III/b - Penata Muda Tk. I,Asisten Ahli,,,2024-05-01,S1,Informatika,FIK
662,P,1978-09-30,,Aktif,NON ASN,Dosen Tidak Tetap,S2,,,,,,Profesi,Pendidikan Profesi Dokter,FK
663,L,1984-08-26,RUMPUN ILMU SOSIAL,Aktif,NON ASN,Dosen Tetap Perjanjian Kerja Waktu Tertentu,S2,III/b - Penata Muda Tk. I,Lektor,Sertifikasi Dosen,2020,2021-06-01,S1,Ilmu Politik,FISIP
664,L,1980-01-12,,Aktif,NON ASN,Dosen Tidak Tetap,S3,,,,,,S1,Manajemen,FISIP
665,L,1970-05-03,RUMPUN ILMU TERAPAN,Aktif,PNS,Dosen Tetap,S2,III/a - Penata Muda,Lektor,Sertifikasi Dosen,2016,2023-07-03,S1,Kesehatan Masyarakat,FIKES
666,P,1982-04-07,RUMPUN ILMU SOSIAL,Aktif,NON ASN,Dosen Tetap Perjanjian Kerja Waktu Tertentu,S2,,Asisten Ahli,,,2023-04-01,S1,Ilmu Politik,FISIP
667,L,1988-06-09,RUMPUN ILMU TERAPAN,Aktif,PNS,Dosen Tetap,S3,III/c - Penata,Lektor,Sertifikasi Dosen,2020,2023-05-03,D3,Keperawatan,FIKES
668,P,1976-02-15,RUMPUN ILMU TERAPAN,Aktif,PNS,Dosen Tetap,S2,IV/a - Pembina,,,,,S1,Kedokteran,FK
669,L,1972-12-19,RUMPUN ILMU TERAPAN,Aktif,PNS,Dosen Tetap,S3,III/d - Penata Tk. I,Lektor Kepala,Sertifikasi Dosen,2010,2023-04-01,S1,Teknik Elektro,FT
670,P,1964-06-26,RUMPUN ILMU TERAPAN,Aktif,PNS,Dosen Tetap,S2,IV/a - Pembina,Lektor,Sertifikasi Dosen,2011,2001-01-01,S1,Manajemen,FISIP
671,P,1987-09-21,RUMPUN ILMU SOSIAL,Aktif,PNS,Dosen Tetap,S2,III/b - Penata Muda Tk. I,Asisten Ahli,,,2021-04-01,S1,Akuntansi,FEB
672,L,1993-09-16,RUMPUN ILMU TERAPAN,Aktif,PNS,Dosen Tetap,S2,III/b - Penata Muda Tk. I,Asisten Ahli,,,2023-08-01,S1,Manajemen,FISIP
673,L,1973-07-01,,Aktif,ASN JF Non Dosen,Dosen Tidak Tetap,S3,,,,,,S1,Akuntansi,FEB
674,P,1980-10-18,RUMPUN ILMU TERAPAN,Aktif,PNS,Dosen Tetap,S3,III/d - Penata Tk. I,Lektor,Sertifikasi Dosen,2012,2013-08-01,S1,Kedokteran,FK
675,L,1964-02-02,RUMPUN ILMU TERAPAN,Aktif,PNS,Dosen Tetap,S2,IV/d - Pembina Utama Madya,Asisten Ahli,,,2024-01-15,S1,Manajemen,FISIP
676,L,1988-07-06,,Aktif,NON ASN,Dosen Tidak Tetap,Sp-1,,,,,,Profesi,Pendidikan Profesi Dokter,FK
677,L,1996-08-05,RUMPUN ILMU FORMAL,Aktif,PNS,Dosen Tetap,S2,III/c - Penata,Lektor,,,2023-07-03,S1,Sains Data,FIK
678,P,1977-08-21,RUMPUN ILMU TERAPAN,Aktif,PNS,Dosen Tetap,S3,III/c - Penata,Lektor Kepala,Sertifikasi Dosen,2019,2023-08-01,S2,Sains Biomedis,FIKES
679,P,1991-02-07,RUMPUN ILMU TERAPAN,Aktif,PNS,Dosen Tetap,S2,,,,,,S1,Manajemen,FISIP
680,P,1947-10-29,,Aktif,NON ASN,Pengajar nondosen,S3,,Profesor,Sertifikasi Dosen,2009,2010-04-30,S1,Kedokteran,FK
681,P,1988-05-15,RUMPUN ILMU TERAPAN,Aktif,PNS,Dosen Tetap,S2,III/c - Penata,Lektor,Sertifikasi Dosen,2018,2023-05-03,S1,Kesehatan Masyarakat,FIKES
682,P,1993-08-20,RUMPUN ILMU TERAPAN,Aktif,PNS,Dosen Tetap,S2,III/b - Penata Muda Tk. I,Asisten Ahli,,,2023-05-03,S1,Fisioterapi,FIKES
683,P,1993-11-07,,Aktif,PNS,Dosen Tetap,S2,III/b - Penata Muda Tk. I,Asisten Ahli,,,2023-06-05,S1,Informatika,FIK
684,P,1988-10-21,RUMPUN ILMU TERAPAN,Aktif,NON ASN,Dosen Tetap Perjanjian Kerja Waktu Tertentu,S2,III/b - Penata Muda Tk. I,Lektor,,,2023-07-03,S1,Gizi,FIKES
685,L,1974-08-10,RUMPUN ILMU SOSIAL,Aktif,NON ASN,Dosen Tetap Perjanjian Kerja Waktu Tertentu,S3,III/c - Penata,Lektor,Sertifikasi Dosen,2020,2024-09-01,S1,Ilmu Politik,FISIP
686,L,1984-08-28,RUMPUN ILMU FORMAL,Aktif,PNS,Dosen Tetap,S2,III/c - Penata,Lektor,Sertifikasi Dosen,2020,2023-08-01,S1,Sistem Informasi,FIK
687,P,1971-05-31,RUMPUN ILMU TERAPAN,Aktif,PPPK,Dosen Tetap Perjanjian Kerja Waktu Tertentu,S2,III/c - Penata,Lektor,Sertifikasi Dosen,2016,2023-07-03,S1,Kedokteran,FK
688,L,1987-07-10,RUMPUN ILMU TERAPAN,Aktif,PPPK,Dosen Tetap Perjanjian Kerja Waktu Tertentu,S2,III/b - Penata Muda Tk. I,Lektor,Sertifikasi Dosen,2018,2021-03-01,D3,Keperawatan,FIKES
689,L,1968-08-24,,Aktif,TNI,Dosen Tidak Tetap,Sp-1,,,,,,Profesi,Pendidikan Profesi Dokter,FK
690,L,1969-11-22,,Aktif,ASN JF Non Dosen,Dosen Tidak Tetap,Sp-1,,,,,,Profesi,Pendidikan Profesi Dokter,FK
691,P,1979-05-26,,Aktif,ASN JF Non Dosen,Dosen Tidak Tetap,Sp-1,,,,,,Profesi,Pendidikan Profesi Dokter,FK
692,P,1978-12-15,,Aktif,ASN JF Non Dosen,Dosen Tidak Tetap,Sp-1,,,,,,Profesi,Pendidikan Profesi Dokter,FK
693,P,1987-10-02,,Aktif,NON ASN,Dosen Tidak Tetap,Sp-1,,,,,,Profesi,Pendidikan Profesi Dokter,FK
694,P,1976-12-01,,Aktif,ASN JF Non Dosen,Dosen Tidak Tetap,Sp-2,,,,,,Profesi,Pendidikan Profesi Dokter,FK
695,L,1962-12-06,RUMPUN ILMU TERAPAN,Aktif,NON ASN,Dosen Tetap Perjanjian Kerja Waktu Tertentu,S3,III/c - Penata,Lektor,Sertifikasi Dosen,2020,2017-11-01,S2,Hukum,FH
696,L,1980-07-27,,Aktif,ASN JF Non Dosen,Dosen Tidak Tetap,Sp-1,,,,,,Profesi,Pendidikan Profesi Dokter,FK
697,P,1967-04-25,RUMPUN ILMU TERAPAN,Aktif,ASN JF Non Dosen,Dosen Tidak Tetap,S3,IV/c - Pembina Utama Muda,Lektor,Sertifikasi Dosen,2019,2017-11-01,Profesi,Pendidikan Profesi Dokter,FK
698,L,1986-11-22,RUMPUN ILMU SOSIAL,Aktif,NON ASN,Dosen Tetap Perjanjian Kerja Waktu Tertentu,S3,III/c - Penata,Lektor,Sertifikasi Dosen,2024,2022-06-01,S1,Ekonomi Syariah,FEB
699,P,1994-01-24,RUMPUN ILMU TERAPAN,Aktif,NON ASN,Dosen Tetap Perjanjian Kerja Waktu Tertentu,S2,III/b - Penata Muda Tk. I,Lektor,Sertifikasi Dosen,2023,2023-05-03,D3,Perbankan dan Keuangan,FEB
700,L,1978-12-16,RUMPUN ILMU TERAPAN,Aktif,ASN JF Non Dosen,Dosen Tidak Tetap,S3,,Lektor,,,2023-10-01,S1,Hukum,FH
701,P,1998-05-03,,Aktif,CPNS,Dosen Tetap,S2,III/b - Penata Muda Tk. I,,,,,S1,Hukum,FH
702,L,1978-12-27,RUMPUN ILMU SOSIAL,Aktif,NON ASN,Dosen Tetap Perjanjian Kerja Waktu Tertentu,S3,,Lektor,,,2022-03-01,S2,Ilmu Politik,FISIP
703,L,1971-11-27,RUMPUN ILMU TERAPAN,Aktif,PPPK,Dosen Tetap Perjanjian Kerja Waktu Tertentu,S2,III/c - Penata,Lektor,Sertifikasi Dosen,2009,2007-04-01,D3,Perbankan dan Keuangan,FEB
704,P,1981-03-31,RUMPUN ILMU TERAPAN,Aktif,PPPK,Dosen Tetap Perjanjian Kerja Waktu Tertentu,S2,III/c - Penata,Lektor,Sertifikasi Dosen,2020,2020-06-01,D3,Perbankan dan Keuangan,FEB
705,P,1997-03-30,,Aktif,CPNS,Dosen Tetap,S2,III/b - Penata Muda Tk. I,,,,,S1,Hukum Bisnis,FH
706,L,1987-01-02,RUMPUN ILMU TERAPAN,Aktif,PNS,Dosen Tetap,S2,III/c - Penata,Lektor,Sertifikasi Dosen,2023,2022-10-01,S1,Hukum Bisnis,FH
707,P,1992-08-21,RUMPUN ILMU SOSIAL,Aktif,PNS,Dosen Tetap,S2,III/d - Penata Tk. I,Lektor,Sertifikasi Dosen,2021,2020-09-01,S1,Hubungan Internasional,FH
708,P,1992-12-22,RUMPUN ILMU SOSIAL,Aktif,PNS,Dosen Tetap,S2,III/b - Penata Muda Tk. I,Asisten Ahli,,,2023-07-03,S1,Hubungan Internasional,FH
709,P,1993-03-20,RUMPUN ILMU SOSIAL,Aktif,PNS,Dosen Tetap,S2,III/b - Penata Muda Tk. I,Lektor,,,2025-01-01,S1,Ekonomi Syariah,FEB
710,L,1984-01-22,RUMPUN ILMU SOSIAL,TUGAS BELAJAR,PNS,Dosen Tetap,S2,III/c - Penata,Lektor,,,2022-04-01,S1,Hubungan Internasional,FH
711,P,1994-08-25,RUMPUN ILMU TERAPAN,Aktif,PNS,Dosen Tetap,S2,III/c - Penata,Lektor,Sertifikasi Dosen,2024,2023-04-01,S1,Hukum,FH
712,P,1993-07-13,RUMPUN ILMU SOSIAL,Aktif,PNS,Dosen Tetap,S2,III/c - Penata,Lektor,Sertifikasi Dosen,2020,2021-04-01,S1,Ekonomi Pembangunan,FEB
713,P,1971-09-10,RUMPUN ILMU TERAPAN,Aktif,PPPK,Dosen Tetap Perjanjian Kerja Waktu Tertentu,S3,III/c - Penata,Lektor Kepala,Sertifikasi Dosen,2009,2020-04-01,S2,Manajemen,FISIP
714,P,1993-05-19,RUMPUN ILMU SOSIAL,Aktif,PNS,Dosen Tetap,S2,III/b - Penata Muda Tk. I,Asisten Ahli,,,2023-07-03,S1,Hubungan Internasional,FH
715,P,1987-07-16,RUMPUN ILMU TERAPAN,Aktif,NON ASN,Dosen Tidak Tetap,S2,,Asisten Ahli,,,2024-04-01,S1,Farmasi,FIKES
716,P,1969-11-18,RUMPUN ILMU TERAPAN,Aktif,NON ASN,Dosen Tetap Perjanjian Kerja Waktu Tertentu,S3,III/d - Penata Tk. I,Lektor,Sertifikasi Dosen,2019,2017-04-01,S1,Ilmu Komunikasi,FISIP
717,P,1977-07-24,RUMPUN ILMU SOSIAL,Aktif,PPPK,Dosen Tetap Perjanjian Kerja Waktu Tertentu,S3,III/c - Penata,Lektor,Sertifikasi Dosen,2012,2016-08-01,S2,Hubungan Internasional,FH
718,P,1989-03-04,RUMPUN ILMU TERAPAN,Aktif,PNS,Dosen Tetap,S2,III/d - Penata Tk. I,Lektor,Sertifikasi Dosen,2022,2022-01-01,D3,Akuntansi,FEB
719,P,1990-09-26,,Aktif,PNS,Dosen Tetap,S2,III/c - Penata,Lektor,,,2023-04-01,S1,Ilmu Komunikasi,FISIP
720,P,1963-12-22,RUMPUN ILMU SOSIAL,Aktif,NON ASN,Dosen Tetap Perjanjian Kerja Waktu Tertentu,S3,IV/a - Pembina,Lektor Kepala,Sertifikasi Dosen,2010,2009-04-01,S1,Ekonomi Syariah,FEB
721,L,1979-10-19,,Aktif,ASN JF Non Dosen,Dosen Tidak Tetap,S3,,Lektor,,,2023-01-01,S1,Hukum,FH
722,P,1962-03-03,RUMPUN ILMU TERAPAN,Aktif,PNS,Dosen Tetap,S2,IV/a - Pembina,Lektor,Sertifikasi Dosen,2011,2001-01-01,S1,Ekonomi Syariah,FEB
723,P,1993-06-15,RUMPUN ILMU TERAPAN,Aktif,NON ASN,Dosen Tidak Tetap,S2,,Asisten Ahli,,,2024-04-01,S1,Farmasi,FIKES
724,L,1975-06-26,,Aktif,NON ASN,Dosen Tidak Tetap,S3,,,,,,S1,Ekonomi Pembangunan,FEB
725,P,1974-12-17,RUMPUN ILMU TERAPAN,Aktif,NON ASN,Dosen Tidak Tetap,S2,,Asisten Ahli,,,2024-08-01,S1,Ekonomi Pembangunan,FEB